order,quantity,product
5e75b8f4-e03e-462f-8a91-027bfaf3e8b4,3,c7050c3b-a898-424d-8d98-ab0aaad7bef4
c615ea16-2b87-471c-a40e-f1a1b81df308,2,e18f33a6-b89a-4fbc-82ad-ccba5bb261cc
1747e0c2-2649-4b8b-8048-540425302a8f,2,80eda933-749d-4fc6-91d5-613d29eb126f
44f19d9b-6f8d-4c04-8c1e-ee05a171a48a,4,689fb64e-a4a2-45c5-b9f2-480c2155624d
906ac891-d7a7-4d50-b4c6-c982fae2fc2d,4,e18f33a6-b89a-4fbc-82ad-ccba5bb261cc
885ebd5d-6a82-4802-a241-2e52e223df5a,2,64d39754-03e4-4fa0-b1ea-5f4293315f67
05202733-0e17-4726-97c2-0520c024ab85,4,689fb64e-a4a2-45c5-b9f2-480c2155624d
97c51e08-8026-44cb-af4b-15f8011e4931,4,bb19d194-e1bd-4358-819e-cd1f1b401c0c
44f19d9b-6f8d-4c04-8c1e-ee05a171a48a,2,b66a7143-c18a-43bb-b5dc-06bb5d1d3160
55288bb6-9a28-483f-a005-ceef70079c72,1,615695d3-8ffd-4850-bcf7-944cf6d3685b
6abeb560-cfb9-4726-8d7d-612f3cd3763e,3,4cda01b9-62e2-46c5-830f-b7f262a58fb1
22767af6-bb3e-4d35-b11c-05c12aa38138,4,4cda01b9-62e2-46c5-830f-b7f262a58fb1
e42ba9a9-986a-4f00-8dd2-5cf8462c74ea,2,843b6553-dc6a-4fc4-bceb-02cd39af0168
906ac891-d7a7-4d50-b4c6-c982fae2fc2d,4,5ceddd13-cf00-481f-9285-8340ab95d06d
4187e4d5-0629-4725-8ff5-1e88bf584dc2,3,37e0062f-bd15-4c3e-b272-558a86d90598
fafde59f-fc4a-4d5f-865e-ff13c8ab6d06,4,e8b6528e-a830-4d03-a027-473b411c7f02
3321aeb4-f209-48bf-ba63-84f3a14eaa50,4,689fb64e-a4a2-45c5-b9f2-480c2155624d
c49ed1e6-c56b-4681-bef8-cf8d99404832,4,843b6553-dc6a-4fc4-bceb-02cd39af0168
224b19e0-eaef-4749-8ca7-72e9d99e07e8,2,e706ab70-b396-4d30-a6b2-a1ccf3625b52
e2510e94-b61f-4d8f-bf5f-7c13f609f272,3,6f3a3072-a24d-4d11-9cef-25b0b5f8a4af
0db4263a-5b43-488c-b9d8-9592c9f4d549,4,37e0062f-bd15-4c3e-b272-558a86d90598
0b43de27-5e08-4c20-a21d-44e786835265,3,c7050c3b-a898-424d-8d98-ab0aaad7bef4
e2c5c29c-2e3c-4e56-9db0-98f13c20b59d,2,55c6a062-5f4a-4a8b-a8e5-05ea5e6715a3
497e5ef8-5bf6-424c-9d05-f5a467c2d23a,1,b66a7143-c18a-43bb-b5dc-06bb5d1d3160
871d9861-ea19-47a1-950d-c3198128acef,1,b86ae24b-6f59-47e8-8adc-b17d88cbd367
191f7ddb-6fac-4ced-905c-307b6b8a1f29,3,689fb64e-a4a2-45c5-b9f2-480c2155624d
6b2a45d9-fe4f-4b4d-896d-54c08a71a80f,2,fb0e8be7-5ac4-4a76-a1fa-2cc4bf0b2d80
175d8fb5-2c45-45b5-9fe3-7b3987d05b2d,1,fb0e8be7-5ac4-4a76-a1fa-2cc4bf0b2d80
3ca15482-7645-4af2-bb53-7a853432a492,4,a88a23ef-679c-4743-b151-dc7722040d8c
da8cbe31-46f8-4b5c-806a-11ba9c40df9a,2,e18f33a6-b89a-4fbc-82ad-ccba5bb261cc
44f19d9b-6f8d-4c04-8c1e-ee05a171a48a,4,fb0e8be7-5ac4-4a76-a1fa-2cc4bf0b2d80
8329a65b-7ddf-4250-aeee-bd625f8a401a,4,fb0e8be7-5ac4-4a76-a1fa-2cc4bf0b2d80
e2b27601-37f6-413d-9377-ed9a3a8a5ac8,1,5b50b820-1d0a-4231-9422-75e7f6b0cecf
727e8c88-6cf8-497a-ae3c-3a781c5b70c3,4,5ceddd13-cf00-481f-9285-8340ab95d06d
8899a38e-2c99-46ea-adb4-526c3a1fac38,2,e2e78dfc-f25c-4fec-a002-8e280d61a2f2
3fb5a1fd-bf02-4ca0-bb26-4ff4c4a4af74,4,6f3a3072-a24d-4d11-9cef-25b0b5f8a4af
f684e5fd-154c-4b52-9b35-1ccc7e74190f,4,55c6a062-5f4a-4a8b-a8e5-05ea5e6715a3
19f1c3c5-3840-4d33-8d88-30fad93fa25e,1,55c6a062-5f4a-4a8b-a8e5-05ea5e6715a3
ac999da3-2fbb-40e8-94cc-30d61d765b07,1,bb19d194-e1bd-4358-819e-cd1f1b401c0c
a484481e-ee94-486a-ab20-50c70f8c6674,3,d3e228db-8ca5-42ad-bb0a-2148e876cc59
7023672d-7f59-4b86-be86-4d4621ad06ae,4,4cda01b9-62e2-46c5-830f-b7f262a58fb1
0669a520-9c7e-424d-a279-ee96f6f25aec,3,843b6553-dc6a-4fc4-bceb-02cd39af0168
f684e5fd-154c-4b52-9b35-1ccc7e74190f,4,58b575f2-2192-4a53-9d21-df9a0c14fc25
8899a38e-2c99-46ea-adb4-526c3a1fac38,1,c17e63f7-0d28-4a95-8248-b01ea354840e
4a67cffa-e7bc-4d30-bc97-f2c9a71334d1,2,bb19d194-e1bd-4358-819e-cd1f1b401c0c
29d20dcd-d0c4-4bca-a52d-fc9363b5d7c6,3,e5ee99b6-519f-4218-8b41-62f48f59f700
f6eed630-9b01-4f64-81eb-f13be001f2b6,3,74aeb414-e3dd-4e8a-beef-0fa45225214d
63505de8-b2e8-4588-8f0d-b1121bfb75f8,3,bb19d194-e1bd-4358-819e-cd1f1b401c0c
2795df92-ee7d-4992-bab2-15dbb2b2ab36,4,64d39754-03e4-4fa0-b1ea-5f4293315f67
80768346-2426-4f4a-a8ba-4f7768139f94,4,e2e78dfc-f25c-4fec-a002-8e280d61a2f2
3fb5a1fd-bf02-4ca0-bb26-4ff4c4a4af74,2,74aeb414-e3dd-4e8a-beef-0fa45225214d
db90b250-70b2-44d1-b20c-4d795edd020c,4,bb19d194-e1bd-4358-819e-cd1f1b401c0c
92d3887f-6f9e-4e3f-85a8-3da52d46cd45,4,05df0866-1a66-41d8-9ed7-e2bbcddd6a3d
4d84f125-234d-4f3c-a54d-41172b453510,3,64d39754-03e4-4fa0-b1ea-5f4293315f67
a3bc2320-2520-43fc-8a33-7d126e06e324,1,689fb64e-a4a2-45c5-b9f2-480c2155624d
53aa67bb-9718-44bf-8b08-dc5e853a7166,1,689fb64e-a4a2-45c5-b9f2-480c2155624d
4fe7882d-a063-4afc-95c5-a80430305a22,1,e706ab70-b396-4d30-a6b2-a1ccf3625b52
2bfad5b6-b4ad-47e2-a316-8b7dc7fbc246,3,843b6553-dc6a-4fc4-bceb-02cd39af0168
1eb77dda-3387-4242-ba28-0b371ea785cf,3,80eda933-749d-4fc6-91d5-613d29eb126f
cc2bd924-fb17-408c-93b5-cc01cf8e9ef0,4,74aeb414-e3dd-4e8a-beef-0fa45225214d
40f5d51c-0a3c-481a-96e8-0784818e082d,1,d3e228db-8ca5-42ad-bb0a-2148e876cc59
8899a38e-2c99-46ea-adb4-526c3a1fac38,3,bb19d194-e1bd-4358-819e-cd1f1b401c0c
f684e5fd-154c-4b52-9b35-1ccc7e74190f,2,80eda933-749d-4fc6-91d5-613d29eb126f
b3bbc1b2-11bf-4a7f-8424-8c6fb14d753b,3,689fb64e-a4a2-45c5-b9f2-480c2155624d
23a3e7b2-abb0-4642-9291-4af619ae2d3c,4,579f4cd0-1f45-49d2-af55-9ab2b72c3b35
71eb1669-8706-4ef4-8a4c-0def78871dc4,3,37e0062f-bd15-4c3e-b272-558a86d90598
8502b2de-ada6-4a20-8625-092835744bd8,2,e5ee99b6-519f-4218-8b41-62f48f59f700
eb047506-bf59-4d29-b134-6a9d80235f3f,1,e706ab70-b396-4d30-a6b2-a1ccf3625b52
ec9be902-7557-431c-824d-5c157c191697,1,be49171b-9f72-4fc9-bf7a-9a52e259836b
912c0b79-532d-4710-bf23-0f9e227b5864,3,6f3a3072-a24d-4d11-9cef-25b0b5f8a4af
e9891ca7-3306-4f75-93fd-c04b976f9641,1,5b50b820-1d0a-4231-9422-75e7f6b0cecf
c36d3573-1c28-4240-8c17-c874a80cca6c,1,579f4cd0-1f45-49d2-af55-9ab2b72c3b35
459c78e2-335c-47c9-9c9e-cf4d11a3e1fe,1,be49171b-9f72-4fc9-bf7a-9a52e259836b
0ac61965-6392-4fe3-bb4f-292438c37de0,3,e18f33a6-b89a-4fbc-82ad-ccba5bb261cc
ef4b32fb-3859-441a-a4cc-1ca197f78aeb,2,5b50b820-1d0a-4231-9422-75e7f6b0cecf
f61a095b-7537-4869-aeff-1433277fa898,1,843b6553-dc6a-4fc4-bceb-02cd39af0168
431ed9a0-8475-4928-a7b2-81db3f1a2dea,2,e2e78dfc-f25c-4fec-a002-8e280d61a2f2
92d3887f-6f9e-4e3f-85a8-3da52d46cd45,1,64d39754-03e4-4fa0-b1ea-5f4293315f67
74bae4ca-0322-4e54-ac94-ba84bc63657e,1,35550082-a52d-4301-8f06-05b30f6f3616
1fa7bc74-ee64-4aa8-8df3-f8066532eb9c,1,b86ae24b-6f59-47e8-8adc-b17d88cbd367
88971e55-2d81-493c-bd7f-2e1efc4c0153,2,b66a7143-c18a-43bb-b5dc-06bb5d1d3160
f5e96989-b540-486f-bb13-1f4297c194bd,4,fb0e8be7-5ac4-4a76-a1fa-2cc4bf0b2d80
3dd8be7e-c2c0-4141-953f-1ce79cff87b8,3,37e0062f-bd15-4c3e-b272-558a86d90598
5f994f7e-2e13-4720-99ed-cfbdcdfd6e2a,3,35550082-a52d-4301-8f06-05b30f6f3616
f1236409-b5f6-4e40-961c-797b850e225b,1,4cda01b9-62e2-46c5-830f-b7f262a58fb1
47254e22-09a8-4661-b2db-1a7e8d80b746,3,b66a7143-c18a-43bb-b5dc-06bb5d1d3160
d29fbe48-4cb7-46ef-b3ea-67a28a0cd8c0,2,b86ae24b-6f59-47e8-8adc-b17d88cbd367
03232fbc-033a-4ba9-b0d7-195b987682ef,4,e8b6528e-a830-4d03-a027-473b411c7f02
7023672d-7f59-4b86-be86-4d4621ad06ae,4,35550082-a52d-4301-8f06-05b30f6f3616
3af487e1-401f-4269-a6a8-afd4d88c780c,1,e2e78dfc-f25c-4fec-a002-8e280d61a2f2
973443f0-e2ff-472c-8469-f452d0beeeda,4,64d39754-03e4-4fa0-b1ea-5f4293315f67
d7454480-4fa0-416d-b904-aebdbcdd378c,2,6f3a3072-a24d-4d11-9cef-25b0b5f8a4af
40f5d51c-0a3c-481a-96e8-0784818e082d,1,e18f33a6-b89a-4fbc-82ad-ccba5bb261cc
d99f88df-891d-4dc9-8750-aa77271a72d4,2,e5ee99b6-519f-4218-8b41-62f48f59f700
df91aa85-bfc7-4c31-93ef-4cee8d00a343,4,5b50b820-1d0a-4231-9422-75e7f6b0cecf
e85b50e8-357e-45ff-8b8d-1890b9b7d0f0,4,74aeb414-e3dd-4e8a-beef-0fa45225214d
12d71a1a-3762-4e17-a508-6e11b5629852,3,bb19d194-e1bd-4358-819e-cd1f1b401c0c
58d89e41-48a4-49a5-944e-28b4e349288d,2,e8b6528e-a830-4d03-a027-473b411c7f02
29feab11-0894-43f4-bb2b-502453a49f23,3,a88a23ef-679c-4743-b151-dc7722040d8c
2ebd594f-3b44-4b66-87f0-5b2c321086d1,2,5b50b820-1d0a-4231-9422-75e7f6b0cecf
b6d916e6-da31-4145-9edd-8fc76677b55b,2,c17e63f7-0d28-4a95-8248-b01ea354840e
f6eed630-9b01-4f64-81eb-f13be001f2b6,4,fb0e8be7-5ac4-4a76-a1fa-2cc4bf0b2d80
34d36019-85bf-4260-9b15-1ed4d4ae3ada,4,be49171b-9f72-4fc9-bf7a-9a52e259836b
8329a65b-7ddf-4250-aeee-bd625f8a401a,2,74aeb414-e3dd-4e8a-beef-0fa45225214d
f1236409-b5f6-4e40-961c-797b850e225b,3,37e0062f-bd15-4c3e-b272-558a86d90598
2e40bfc1-f035-4617-a12b-da047e4578c3,2,c17e63f7-0d28-4a95-8248-b01ea354840e
f6b6807a-864d-4fed-b22d-3f2638f21b74,2,74aeb414-e3dd-4e8a-beef-0fa45225214d
63505de8-b2e8-4588-8f0d-b1121bfb75f8,3,c7050c3b-a898-424d-8d98-ab0aaad7bef4
3944bd76-a630-4f50-9f41-b4e985b520ca,1,37e0062f-bd15-4c3e-b272-558a86d90598
5b3044cb-20cd-4a2c-9226-c3d24d488557,4,e706ab70-b396-4d30-a6b2-a1ccf3625b52
38c516e8-b23a-493a-8a5c-bf7b2b9ea995,1,a88a23ef-679c-4743-b151-dc7722040d8c
e60286de-ae1c-4427-8b3c-3f019e93ac7a,4,35550082-a52d-4301-8f06-05b30f6f3616
e2510e94-b61f-4d8f-bf5f-7c13f609f272,4,80eda933-749d-4fc6-91d5-613d29eb126f
aab22458-eebe-4f90-b563-d1eda139e78d,1,58b575f2-2192-4a53-9d21-df9a0c14fc25
5b8caca4-14fb-4813-b0bc-b768c8217a19,3,615695d3-8ffd-4850-bcf7-944cf6d3685b
fe1144d9-15c7-4d10-a533-fee0c06b0bcb,4,6f3a3072-a24d-4d11-9cef-25b0b5f8a4af
1e5fa971-3c0e-4ae8-b5bb-63d6176b82b2,2,b86ae24b-6f59-47e8-8adc-b17d88cbd367
74bae4ca-0322-4e54-ac94-ba84bc63657e,4,e706ab70-b396-4d30-a6b2-a1ccf3625b52
a5db4fd7-bc7c-47d6-a162-e613d905ec82,4,37e0062f-bd15-4c3e-b272-558a86d90598
a11ec73d-efcb-4918-be37-fa6f812d22de,3,e18f33a6-b89a-4fbc-82ad-ccba5bb261cc
74bae4ca-0322-4e54-ac94-ba84bc63657e,3,e8b6528e-a830-4d03-a027-473b411c7f02
0976f5e0-829b-4111-9ae8-3c444a1b26eb,2,be49171b-9f72-4fc9-bf7a-9a52e259836b
a11ec73d-efcb-4918-be37-fa6f812d22de,3,579f4cd0-1f45-49d2-af55-9ab2b72c3b35
08f64f64-8cd5-491a-a5a9-80ffd3321fc9,3,bb19d194-e1bd-4358-819e-cd1f1b401c0c
4a67cffa-e7bc-4d30-bc97-f2c9a71334d1,1,64d39754-03e4-4fa0-b1ea-5f4293315f67
0ecabdf2-fe92-4d66-ad87-6e693748d682,3,c7050c3b-a898-424d-8d98-ab0aaad7bef4
ac999da3-2fbb-40e8-94cc-30d61d765b07,4,e706ab70-b396-4d30-a6b2-a1ccf3625b52
2affb750-b1d9-4b84-b612-8381435bc669,4,55c6a062-5f4a-4a8b-a8e5-05ea5e6715a3
6b2a45d9-fe4f-4b4d-896d-54c08a71a80f,2,843b6553-dc6a-4fc4-bceb-02cd39af0168
c57a3e41-2e01-4529-a904-054657859dd7,2,80eda933-749d-4fc6-91d5-613d29eb126f
cad92df1-0b1a-4827-a1fc-f20cece591dd,2,5ceddd13-cf00-481f-9285-8340ab95d06d
5b8caca4-14fb-4813-b0bc-b768c8217a19,3,5b50b820-1d0a-4231-9422-75e7f6b0cecf
d9cc0f2f-0be3-4cfc-bec0-fd97eb7977d6,4,615695d3-8ffd-4850-bcf7-944cf6d3685b
bb219a8e-f747-4cc5-ac19-9f505baed9ff,3,e706ab70-b396-4d30-a6b2-a1ccf3625b52
e86dab74-f840-482c-b833-0e60b4e58a27,1,5ceddd13-cf00-481f-9285-8340ab95d06d
c98cb399-9f31-47e9-8394-80b6962cbdae,2,80eda933-749d-4fc6-91d5-613d29eb126f
2fafb5c6-5200-4d9a-af6b-b6517667a1ea,2,bb19d194-e1bd-4358-819e-cd1f1b401c0c
c615ea16-2b87-471c-a40e-f1a1b81df308,1,843b6553-dc6a-4fc4-bceb-02cd39af0168
81617893-be66-4c1e-b73e-a71ece089732,4,c7050c3b-a898-424d-8d98-ab0aaad7bef4
56d043f8-afaf-4a6e-a4d3-8fbd01d8858b,2,be49171b-9f72-4fc9-bf7a-9a52e259836b
12a416f6-08d4-4db5-953e-d683ca9081f6,3,b66a7143-c18a-43bb-b5dc-06bb5d1d3160
2fafb5c6-5200-4d9a-af6b-b6517667a1ea,1,74aeb414-e3dd-4e8a-beef-0fa45225214d
0f7d97e4-6093-489d-b338-e98397482ff3,4,55c6a062-5f4a-4a8b-a8e5-05ea5e6715a3
fa41614e-38dc-4cfb-ade8-4ffb9d1fed72,2,58b575f2-2192-4a53-9d21-df9a0c14fc25
bd1b29ee-5f35-4a9f-94a5-9faaae412e12,4,80eda933-749d-4fc6-91d5-613d29eb126f
1829f967-79c8-4998-ba9f-9d381728cedd,3,e706ab70-b396-4d30-a6b2-a1ccf3625b52
671aa103-6918-4d9a-89f6-3bd3861f4a9b,3,bb19d194-e1bd-4358-819e-cd1f1b401c0c
35b4cbc7-b92f-400f-b292-8494dbb23567,1,bb19d194-e1bd-4358-819e-cd1f1b401c0c
bbb8264e-cb71-4967-8033-60d7a52ad2fc,2,5ceddd13-cf00-481f-9285-8340ab95d06d
0976f5e0-829b-4111-9ae8-3c444a1b26eb,1,689fb64e-a4a2-45c5-b9f2-480c2155624d
912c0b79-532d-4710-bf23-0f9e227b5864,2,c7050c3b-a898-424d-8d98-ab0aaad7bef4
b047e850-a4f1-4227-94b6-2222d2ff87c2,1,58b575f2-2192-4a53-9d21-df9a0c14fc25
9e4f5468-05ff-4dd3-af20-fcd8c4730ab5,1,5b50b820-1d0a-4231-9422-75e7f6b0cecf
40f5d51c-0a3c-481a-96e8-0784818e082d,2,b86ae24b-6f59-47e8-8adc-b17d88cbd367
da8cbe31-46f8-4b5c-806a-11ba9c40df9a,3,579f4cd0-1f45-49d2-af55-9ab2b72c3b35
b249a133-9d0d-4897-9ee3-0226e76914dc,4,c7050c3b-a898-424d-8d98-ab0aaad7bef4
8385cfcd-2b3f-443a-a676-9756f7eb5404,2,58b575f2-2192-4a53-9d21-df9a0c14fc25
86302f5c-4879-4056-8c99-b3721e83829d,1,55c6a062-5f4a-4a8b-a8e5-05ea5e6715a3
73bfa842-99f9-4181-883f-08b7795cb167,3,be49171b-9f72-4fc9-bf7a-9a52e259836b
b047e850-a4f1-4227-94b6-2222d2ff87c2,3,579f4cd0-1f45-49d2-af55-9ab2b72c3b35
e4926154-3efe-4c30-860a-5cbb7f97490b,2,74aeb414-e3dd-4e8a-beef-0fa45225214d
867b34a7-c143-45ec-81db-705506a9578b,2,a88a23ef-679c-4743-b151-dc7722040d8c
e60286de-ae1c-4427-8b3c-3f019e93ac7a,2,5b50b820-1d0a-4231-9422-75e7f6b0cecf
7f999c60-f004-4b75-8851-72498dfa47fc,2,e18f33a6-b89a-4fbc-82ad-ccba5bb261cc
e77a9f5e-a3d7-4eed-ba0b-50893cb38f00,4,74aeb414-e3dd-4e8a-beef-0fa45225214d
fd804ab1-fa33-49b5-97a4-5c29d28a5101,4,64d39754-03e4-4fa0-b1ea-5f4293315f67
09431ff6-b550-4301-8d46-fde372e87af9,3,843b6553-dc6a-4fc4-bceb-02cd39af0168
7023672d-7f59-4b86-be86-4d4621ad06ae,4,b66a7143-c18a-43bb-b5dc-06bb5d1d3160
778f8864-d993-4118-b7d6-1ea836ec6791,3,55c6a062-5f4a-4a8b-a8e5-05ea5e6715a3
fa41614e-38dc-4cfb-ade8-4ffb9d1fed72,2,05df0866-1a66-41d8-9ed7-e2bbcddd6a3d
a132ed5c-7140-41f5-8eb1-992b7aeae11b,4,5b50b820-1d0a-4231-9422-75e7f6b0cecf
5dbde056-632e-484a-a30b-67665cec51ee,1,e5ee99b6-519f-4218-8b41-62f48f59f700
e2b27601-37f6-413d-9377-ed9a3a8a5ac8,1,c17e63f7-0d28-4a95-8248-b01ea354840e
4fe7882d-a063-4afc-95c5-a80430305a22,3,c7050c3b-a898-424d-8d98-ab0aaad7bef4
35b4cbc7-b92f-400f-b292-8494dbb23567,1,fb0e8be7-5ac4-4a76-a1fa-2cc4bf0b2d80
dc3c0681-9e42-4041-a2eb-576324037da3,1,be49171b-9f72-4fc9-bf7a-9a52e259836b
e2281b91-8575-4da9-9a3a-ab0f19ec584e,2,615695d3-8ffd-4850-bcf7-944cf6d3685b
7023672d-7f59-4b86-be86-4d4621ad06ae,1,689fb64e-a4a2-45c5-b9f2-480c2155624d
82e2a7d2-d8c2-4b37-9f18-bba82f31c5b2,2,5b50b820-1d0a-4231-9422-75e7f6b0cecf
349b5ed3-cac3-401f-aef3-290bc0b8d5d7,1,b66a7143-c18a-43bb-b5dc-06bb5d1d3160
a484481e-ee94-486a-ab20-50c70f8c6674,2,689fb64e-a4a2-45c5-b9f2-480c2155624d
bd760d86-5051-4418-86cc-d97e4deac8af,4,05df0866-1a66-41d8-9ed7-e2bbcddd6a3d
45319e78-6d23-4728-a135-75dbda6bde49,1,e5ee99b6-519f-4218-8b41-62f48f59f700
a96878e4-9618-4f85-8fe0-6e2e938e0b24,2,bb19d194-e1bd-4358-819e-cd1f1b401c0c
3dd8be7e-c2c0-4141-953f-1ce79cff87b8,2,80eda933-749d-4fc6-91d5-613d29eb126f
cec02b6d-c997-4cad-8ab8-141c7a30aaf0,4,fb0e8be7-5ac4-4a76-a1fa-2cc4bf0b2d80
859841a2-a2fa-4d7b-a749-8cd37b31b1ed,4,37e0062f-bd15-4c3e-b272-558a86d90598
cb9cd4d2-3bce-4173-8303-62e581e91ac7,4,05df0866-1a66-41d8-9ed7-e2bbcddd6a3d
0b0d8f13-ca94-4686-b3d3-68ae3aa4bad3,4,843b6553-dc6a-4fc4-bceb-02cd39af0168
e3965ae6-8792-422f-bae0-ecbce4da50aa,1,615695d3-8ffd-4850-bcf7-944cf6d3685b
667f2f4e-4262-425d-bf66-9b600af692a6,2,64d39754-03e4-4fa0-b1ea-5f4293315f67
6f89159f-8046-4bae-a680-34ca13c9d4fa,3,fb0e8be7-5ac4-4a76-a1fa-2cc4bf0b2d80
937b130d-c75f-47c6-913f-ca7717e82dae,2,05df0866-1a66-41d8-9ed7-e2bbcddd6a3d
19644506-d739-4f1b-baf7-3ecc8833c329,2,e2e78dfc-f25c-4fec-a002-8e280d61a2f2
55164b42-78d3-4c4e-9dd3-cce61b956403,3,615695d3-8ffd-4850-bcf7-944cf6d3685b
b15964ec-1e59-4258-9ecb-bcaac33cd071,4,be49171b-9f72-4fc9-bf7a-9a52e259836b
ffd7d39a-e3b5-43dc-97b7-f6f5443ae314,3,4cda01b9-62e2-46c5-830f-b7f262a58fb1
8298fb27-518c-4b2c-9fd8-391737ceb777,2,55c6a062-5f4a-4a8b-a8e5-05ea5e6715a3
fe1144d9-15c7-4d10-a533-fee0c06b0bcb,1,c17e63f7-0d28-4a95-8248-b01ea354840e
99127f5a-b3a4-440e-87c1-c78861ac2ca8,2,bb19d194-e1bd-4358-819e-cd1f1b401c0c
180dc7bb-b42a-4aa6-b52a-9fe5864e3190,2,b66a7143-c18a-43bb-b5dc-06bb5d1d3160
f5df9a3a-9a21-4648-a03f-bdaf633969e4,4,74aeb414-e3dd-4e8a-beef-0fa45225214d
5dbde056-632e-484a-a30b-67665cec51ee,4,e2e78dfc-f25c-4fec-a002-8e280d61a2f2
973443f0-e2ff-472c-8469-f452d0beeeda,3,b66a7143-c18a-43bb-b5dc-06bb5d1d3160
3ca15482-7645-4af2-bb53-7a853432a492,4,64d39754-03e4-4fa0-b1ea-5f4293315f67
333db7e3-aba5-4988-b61f-ced40037b5c8,1,e706ab70-b396-4d30-a6b2-a1ccf3625b52
10408b83-26cc-4eb8-bd08-38435207099e,4,55c6a062-5f4a-4a8b-a8e5-05ea5e6715a3
81617893-be66-4c1e-b73e-a71ece089732,2,64d39754-03e4-4fa0-b1ea-5f4293315f67
45319e78-6d23-4728-a135-75dbda6bde49,1,b86ae24b-6f59-47e8-8adc-b17d88cbd367
b4eec587-6bca-4b2a-b3d3-ef2db72c4a4f,2,e2e78dfc-f25c-4fec-a002-8e280d61a2f2
c0873253-7827-4831-aa92-19c38372e58d,3,35550082-a52d-4301-8f06-05b30f6f3616
3944bd76-a630-4f50-9f41-b4e985b520ca,2,e2e78dfc-f25c-4fec-a002-8e280d61a2f2
e42ba9a9-986a-4f00-8dd2-5cf8462c74ea,4,5b50b820-1d0a-4231-9422-75e7f6b0cecf
e03c0b27-dcb0-4b48-a36e-1c5f013d11d9,4,d3e228db-8ca5-42ad-bb0a-2148e876cc59
c8ec734f-2f92-4d17-80bf-71de0afd713d,3,55c6a062-5f4a-4a8b-a8e5-05ea5e6715a3
ec9be902-7557-431c-824d-5c157c191697,4,e8b6528e-a830-4d03-a027-473b411c7f02
d1f27bac-ff50-489e-a5e0-12fd99fcf3e8,3,e2e78dfc-f25c-4fec-a002-8e280d61a2f2
a484481e-ee94-486a-ab20-50c70f8c6674,1,579f4cd0-1f45-49d2-af55-9ab2b72c3b35
5dbde056-632e-484a-a30b-67665cec51ee,3,80eda933-749d-4fc6-91d5-613d29eb126f
92d3887f-6f9e-4e3f-85a8-3da52d46cd45,3,5b50b820-1d0a-4231-9422-75e7f6b0cecf
c57a3e41-2e01-4529-a904-054657859dd7,4,d3e228db-8ca5-42ad-bb0a-2148e876cc59
34d36019-85bf-4260-9b15-1ed4d4ae3ada,3,d3e228db-8ca5-42ad-bb0a-2148e876cc59
d13a5859-35dd-4e23-9601-6bfef26a0ded,1,689fb64e-a4a2-45c5-b9f2-480c2155624d
b7e548f6-8f59-4552-8577-e0b895c858b4,1,a88a23ef-679c-4743-b151-dc7722040d8c
dcf4ab8d-ee51-4dd4-953d-557d413100fa,2,b66a7143-c18a-43bb-b5dc-06bb5d1d3160
b245fe74-2070-4203-848c-85d4b59f8eef,4,615695d3-8ffd-4850-bcf7-944cf6d3685b
b6f9c559-8c79-409f-963f-2499e5ad315e,1,5b50b820-1d0a-4231-9422-75e7f6b0cecf
f4b472f8-f344-4abe-a7dd-5b3cc983301b,3,64d39754-03e4-4fa0-b1ea-5f4293315f67
1e68f64e-1365-489e-8cf4-b56f8cf13fd7,2,c7050c3b-a898-424d-8d98-ab0aaad7bef4
cc2d40a9-dc85-481f-b027-9d1198187b70,3,b66a7143-c18a-43bb-b5dc-06bb5d1d3160
58d89e41-48a4-49a5-944e-28b4e349288d,1,80eda933-749d-4fc6-91d5-613d29eb126f
f6881473-8927-4504-8ba0-3acecf098b5c,2,37e0062f-bd15-4c3e-b272-558a86d90598
3c6072c0-399c-4250-86f4-86024e4a18c5,3,37e0062f-bd15-4c3e-b272-558a86d90598
ae526f89-1faf-4ae8-90b2-06b996b51b31,4,b66a7143-c18a-43bb-b5dc-06bb5d1d3160
7023672d-7f59-4b86-be86-4d4621ad06ae,1,bb19d194-e1bd-4358-819e-cd1f1b401c0c
44f19d9b-6f8d-4c04-8c1e-ee05a171a48a,1,c17e63f7-0d28-4a95-8248-b01ea354840e
89e6f87a-1347-4670-9cb6-8873c4ae0bca,4,a88a23ef-679c-4743-b151-dc7722040d8c
af1c67f7-bbde-4f2f-99d0-2e19242141c2,2,e5ee99b6-519f-4218-8b41-62f48f59f700
3895ef3d-4e4f-4793-ba7f-66743b7a7d39,1,c17e63f7-0d28-4a95-8248-b01ea354840e
4187e4d5-0629-4725-8ff5-1e88bf584dc2,2,e706ab70-b396-4d30-a6b2-a1ccf3625b52
ec9be902-7557-431c-824d-5c157c191697,1,fb0e8be7-5ac4-4a76-a1fa-2cc4bf0b2d80
f61a095b-7537-4869-aeff-1433277fa898,4,a88a23ef-679c-4743-b151-dc7722040d8c
6280af33-1ec6-4e8b-bc9e-6ed331ccb5da,4,d3e228db-8ca5-42ad-bb0a-2148e876cc59
d0cc9fd6-0ce6-42a4-a77e-fabb1b0962da,3,6f3a3072-a24d-4d11-9cef-25b0b5f8a4af
76198fb9-1fa6-4fe6-9053-1cbad61c4730,3,fb0e8be7-5ac4-4a76-a1fa-2cc4bf0b2d80
fd804ab1-fa33-49b5-97a4-5c29d28a5101,3,579f4cd0-1f45-49d2-af55-9ab2b72c3b35
c49ed1e6-c56b-4681-bef8-cf8d99404832,1,80eda933-749d-4fc6-91d5-613d29eb126f
5a00119e-674a-4f04-8b87-d8d48129a771,1,e18f33a6-b89a-4fbc-82ad-ccba5bb261cc
09431ff6-b550-4301-8d46-fde372e87af9,4,e18f33a6-b89a-4fbc-82ad-ccba5bb261cc
09fc1bc7-215a-4987-96a1-9e3e079a3707,3,b66a7143-c18a-43bb-b5dc-06bb5d1d3160
3772cac5-2ea2-4278-9166-f0703935a671,1,80eda933-749d-4fc6-91d5-613d29eb126f
8502b2de-ada6-4a20-8625-092835744bd8,2,b66a7143-c18a-43bb-b5dc-06bb5d1d3160
fafde59f-fc4a-4d5f-865e-ff13c8ab6d06,4,b66a7143-c18a-43bb-b5dc-06bb5d1d3160
0a5be7a1-f4b1-4833-b4fa-72a9276c63bf,4,74aeb414-e3dd-4e8a-beef-0fa45225214d
9da202ba-64b2-4c8c-bab7-7cfc56a3410c,1,b66a7143-c18a-43bb-b5dc-06bb5d1d3160
3772cac5-2ea2-4278-9166-f0703935a671,2,64d39754-03e4-4fa0-b1ea-5f4293315f67
db46d023-4a2b-43f2-aac8-d9d73284eddc,2,6f3a3072-a24d-4d11-9cef-25b0b5f8a4af
b3cb4101-b1c4-40d0-89e6-a029f1dcce5b,2,58b575f2-2192-4a53-9d21-df9a0c14fc25
cf9e7988-a925-4015-baf3-7a0f9e494291,2,843b6553-dc6a-4fc4-bceb-02cd39af0168
e77a9f5e-a3d7-4eed-ba0b-50893cb38f00,4,05df0866-1a66-41d8-9ed7-e2bbcddd6a3d
2bfad5b6-b4ad-47e2-a316-8b7dc7fbc246,1,05df0866-1a66-41d8-9ed7-e2bbcddd6a3d
0db4263a-5b43-488c-b9d8-9592c9f4d549,1,b66a7143-c18a-43bb-b5dc-06bb5d1d3160
86302f5c-4879-4056-8c99-b3721e83829d,4,e18f33a6-b89a-4fbc-82ad-ccba5bb261cc
7edd0cc1-e72c-4463-86c9-e7758c6fd2f6,1,579f4cd0-1f45-49d2-af55-9ab2b72c3b35
b10167f6-1753-4208-b79b-cba9ace4b6be,3,5ceddd13-cf00-481f-9285-8340ab95d06d
841074bf-571a-43a6-963c-ba7cbdb26c85,1,35550082-a52d-4301-8f06-05b30f6f3616
5f16fb3f-aa26-4cdc-8de6-e86c96dc842f,3,b66a7143-c18a-43bb-b5dc-06bb5d1d3160
58d89e41-48a4-49a5-944e-28b4e349288d,2,5ceddd13-cf00-481f-9285-8340ab95d06d
667f2f4e-4262-425d-bf66-9b600af692a6,1,5b50b820-1d0a-4231-9422-75e7f6b0cecf
b6d916e6-da31-4145-9edd-8fc76677b55b,4,5ceddd13-cf00-481f-9285-8340ab95d06d
911cf158-a9f8-47f9-a8f0-900b113fc41a,3,74aeb414-e3dd-4e8a-beef-0fa45225214d
df91aa85-bfc7-4c31-93ef-4cee8d00a343,4,55c6a062-5f4a-4a8b-a8e5-05ea5e6715a3
1747e0c2-2649-4b8b-8048-540425302a8f,4,5ceddd13-cf00-481f-9285-8340ab95d06d
85a88715-9eef-486b-9494-82989ee3b483,4,37e0062f-bd15-4c3e-b272-558a86d90598
59c79883-a968-49af-833b-7305f181c669,1,55c6a062-5f4a-4a8b-a8e5-05ea5e6715a3
44f19d9b-6f8d-4c04-8c1e-ee05a171a48a,3,d3e228db-8ca5-42ad-bb0a-2148e876cc59
b3773cdd-b925-4eda-906c-57fa5d0e5a55,4,579f4cd0-1f45-49d2-af55-9ab2b72c3b35
e1ecd50e-033d-4d0c-bcff-137c2eb494dd,1,58b575f2-2192-4a53-9d21-df9a0c14fc25
a5030657-135a-454a-b17e-1014c1b53852,4,35550082-a52d-4301-8f06-05b30f6f3616
ec9be902-7557-431c-824d-5c157c191697,3,c7050c3b-a898-424d-8d98-ab0aaad7bef4
47254e22-09a8-4661-b2db-1a7e8d80b746,4,c7050c3b-a898-424d-8d98-ab0aaad7bef4
859841a2-a2fa-4d7b-a749-8cd37b31b1ed,2,58b575f2-2192-4a53-9d21-df9a0c14fc25
6abeb560-cfb9-4726-8d7d-612f3cd3763e,3,689fb64e-a4a2-45c5-b9f2-480c2155624d
58d89e41-48a4-49a5-944e-28b4e349288d,3,bb19d194-e1bd-4358-819e-cd1f1b401c0c
c49ed1e6-c56b-4681-bef8-cf8d99404832,4,615695d3-8ffd-4850-bcf7-944cf6d3685b
c20d15c3-b463-49d9-a114-905c83bbf357,1,e5ee99b6-519f-4218-8b41-62f48f59f700
27897d11-f7a3-424a-bc4b-50c0487d12d1,1,c17e63f7-0d28-4a95-8248-b01ea354840e
b2b891d1-56c5-4876-a24f-a7961b3e1b3b,3,689fb64e-a4a2-45c5-b9f2-480c2155624d
5dbde056-632e-484a-a30b-67665cec51ee,4,b86ae24b-6f59-47e8-8adc-b17d88cbd367
1e68f64e-1365-489e-8cf4-b56f8cf13fd7,2,b86ae24b-6f59-47e8-8adc-b17d88cbd367
4fe7882d-a063-4afc-95c5-a80430305a22,1,e5ee99b6-519f-4218-8b41-62f48f59f700
59c79883-a968-49af-833b-7305f181c669,3,6f3a3072-a24d-4d11-9cef-25b0b5f8a4af
a11ec73d-efcb-4918-be37-fa6f812d22de,4,b86ae24b-6f59-47e8-8adc-b17d88cbd367
d9ec4e76-e7c0-4457-b6e2-a025abea6b9a,1,74aeb414-e3dd-4e8a-beef-0fa45225214d
dc3c0681-9e42-4041-a2eb-576324037da3,2,58b575f2-2192-4a53-9d21-df9a0c14fc25
290e43d7-2768-47e8-9037-94d08ddc4345,3,e706ab70-b396-4d30-a6b2-a1ccf3625b52
aafb9fbd-56e1-4dcc-b6b2-a3fd91381bb6,1,55c6a062-5f4a-4a8b-a8e5-05ea5e6715a3
08cbcbdc-781b-434d-a70b-4955117596a1,2,e5ee99b6-519f-4218-8b41-62f48f59f700
5b8caca4-14fb-4813-b0bc-b768c8217a19,4,35550082-a52d-4301-8f06-05b30f6f3616
38893be1-b3c0-4460-ab69-f83f6ac95c6a,3,e5ee99b6-519f-4218-8b41-62f48f59f700
f9d41e2a-81fa-400d-930f-a960c3135db9,2,e2e78dfc-f25c-4fec-a002-8e280d61a2f2
8a4b88e8-7b27-4023-8134-93c6b05b2c6e,2,fb0e8be7-5ac4-4a76-a1fa-2cc4bf0b2d80
a86318cc-892b-4ea0-a031-da15ad2e52ed,1,5ceddd13-cf00-481f-9285-8340ab95d06d
f61a095b-7537-4869-aeff-1433277fa898,3,5ceddd13-cf00-481f-9285-8340ab95d06d
e1ecd50e-033d-4d0c-bcff-137c2eb494dd,2,e2e78dfc-f25c-4fec-a002-8e280d61a2f2
f4b472f8-f344-4abe-a7dd-5b3cc983301b,4,bb19d194-e1bd-4358-819e-cd1f1b401c0c
f684e5fd-154c-4b52-9b35-1ccc7e74190f,3,35550082-a52d-4301-8f06-05b30f6f3616
e60286de-ae1c-4427-8b3c-3f019e93ac7a,4,a88a23ef-679c-4743-b151-dc7722040d8c
8742e74e-c54e-4264-a3f2-7dd301072523,1,37e0062f-bd15-4c3e-b272-558a86d90598
3dd8be7e-c2c0-4141-953f-1ce79cff87b8,2,c7050c3b-a898-424d-8d98-ab0aaad7bef4
778f8864-d993-4118-b7d6-1ea836ec6791,3,e18f33a6-b89a-4fbc-82ad-ccba5bb261cc
ec9be902-7557-431c-824d-5c157c191697,4,e18f33a6-b89a-4fbc-82ad-ccba5bb261cc
273c575f-a41c-428f-80b0-a97985793b00,2,e706ab70-b396-4d30-a6b2-a1ccf3625b52
4c128667-aa7c-41be-b9dd-bb5a1164e6f0,3,80eda933-749d-4fc6-91d5-613d29eb126f
2434b44d-0df9-4d54-99ad-e259cbf9efa6,3,05df0866-1a66-41d8-9ed7-e2bbcddd6a3d
fae3a36e-1707-441b-8ff8-7b6afeb278f6,4,58b575f2-2192-4a53-9d21-df9a0c14fc25
b245fe74-2070-4203-848c-85d4b59f8eef,2,58b575f2-2192-4a53-9d21-df9a0c14fc25
671aa103-6918-4d9a-89f6-3bd3861f4a9b,1,6f3a3072-a24d-4d11-9cef-25b0b5f8a4af
2a4ce69d-8db6-48d7-b48f-719d09b0b91f,3,64d39754-03e4-4fa0-b1ea-5f4293315f67
bb219a8e-f747-4cc5-ac19-9f505baed9ff,2,c7050c3b-a898-424d-8d98-ab0aaad7bef4
4c128667-aa7c-41be-b9dd-bb5a1164e6f0,3,e18f33a6-b89a-4fbc-82ad-ccba5bb261cc
a5030657-135a-454a-b17e-1014c1b53852,4,64d39754-03e4-4fa0-b1ea-5f4293315f67
2bfad5b6-b4ad-47e2-a316-8b7dc7fbc246,1,e8b6528e-a830-4d03-a027-473b411c7f02
0f3fb208-95e1-4d3b-8f09-ae6088d41938,4,615695d3-8ffd-4850-bcf7-944cf6d3685b
915a50e8-2ca3-434b-aacb-7d633ba1bef1,1,35550082-a52d-4301-8f06-05b30f6f3616
8b006054-ad90-49c4-9685-2adabaf29fcc,2,b86ae24b-6f59-47e8-8adc-b17d88cbd367
5b8caca4-14fb-4813-b0bc-b768c8217a19,3,e5ee99b6-519f-4218-8b41-62f48f59f700
32726aa6-2175-4fc7-856b-512f61c70dc1,2,bb19d194-e1bd-4358-819e-cd1f1b401c0c
942af8de-9bef-48e3-8fda-2341f20d2fbe,3,b86ae24b-6f59-47e8-8adc-b17d88cbd367
f0f5f852-5c81-4f33-a415-15b660486918,2,be49171b-9f72-4fc9-bf7a-9a52e259836b
7db78274-d998-408b-9c97-83f22373c9ea,1,fb0e8be7-5ac4-4a76-a1fa-2cc4bf0b2d80
5741e351-3124-4de7-9dff-01a448e7dfd4,4,b66a7143-c18a-43bb-b5dc-06bb5d1d3160
e24985f3-2fb3-456e-a1aa-aaf88f490d70,1,e8b6528e-a830-4d03-a027-473b411c7f02
e42ba9a9-986a-4f00-8dd2-5cf8462c74ea,3,579f4cd0-1f45-49d2-af55-9ab2b72c3b35
03b5ede7-4f3e-4d17-a326-be5e27338501,4,c17e63f7-0d28-4a95-8248-b01ea354840e
175d8fb5-2c45-45b5-9fe3-7b3987d05b2d,4,579f4cd0-1f45-49d2-af55-9ab2b72c3b35
62f9cc25-a60a-4a87-a7d8-79f9f70ef6a3,4,fb0e8be7-5ac4-4a76-a1fa-2cc4bf0b2d80
2a4ce69d-8db6-48d7-b48f-719d09b0b91f,4,be49171b-9f72-4fc9-bf7a-9a52e259836b
da8cbe31-46f8-4b5c-806a-11ba9c40df9a,3,4cda01b9-62e2-46c5-830f-b7f262a58fb1
967f96c9-adcf-4304-9295-73a9766fe51f,2,c17e63f7-0d28-4a95-8248-b01ea354840e
d6ae6182-1c85-4b8e-a7a0-d150b08cab27,4,35550082-a52d-4301-8f06-05b30f6f3616
c23de9da-73a2-437f-a2c2-bd257bc692c3,4,e8b6528e-a830-4d03-a027-473b411c7f02
19c066e5-c505-4814-8e68-ac6ab2971a67,2,d3e228db-8ca5-42ad-bb0a-2148e876cc59
871d9861-ea19-47a1-950d-c3198128acef,3,579f4cd0-1f45-49d2-af55-9ab2b72c3b35
ba9fa0c5-4631-42dc-9e4f-1dbbaafcb85c,2,e5ee99b6-519f-4218-8b41-62f48f59f700
3772cac5-2ea2-4278-9166-f0703935a671,1,be49171b-9f72-4fc9-bf7a-9a52e259836b
1747e0c2-2649-4b8b-8048-540425302a8f,4,b86ae24b-6f59-47e8-8adc-b17d88cbd367
15f26002-ee82-4855-a9d7-d55ff3f1a85b,3,5b50b820-1d0a-4231-9422-75e7f6b0cecf
912c0b79-532d-4710-bf23-0f9e227b5864,2,80eda933-749d-4fc6-91d5-613d29eb126f
88971e55-2d81-493c-bd7f-2e1efc4c0153,1,615695d3-8ffd-4850-bcf7-944cf6d3685b
8385cfcd-2b3f-443a-a676-9756f7eb5404,1,bb19d194-e1bd-4358-819e-cd1f1b401c0c
53aa67bb-9718-44bf-8b08-dc5e853a7166,1,e18f33a6-b89a-4fbc-82ad-ccba5bb261cc
265f9aae-561a-4232-a78a-7052466e46b7,2,74aeb414-e3dd-4e8a-beef-0fa45225214d
b3cb4101-b1c4-40d0-89e6-a029f1dcce5b,1,c17e63f7-0d28-4a95-8248-b01ea354840e
4650242f-8513-49dd-b2e8-4df3c388fd22,3,55c6a062-5f4a-4a8b-a8e5-05ea5e6715a3
2db8d59b-1470-4cd3-8be6-c96a82480240,3,74aeb414-e3dd-4e8a-beef-0fa45225214d
cc2d40a9-dc85-481f-b027-9d1198187b70,4,c17e63f7-0d28-4a95-8248-b01ea354840e
d1f27bac-ff50-489e-a5e0-12fd99fcf3e8,2,fb0e8be7-5ac4-4a76-a1fa-2cc4bf0b2d80
d13a5859-35dd-4e23-9601-6bfef26a0ded,4,579f4cd0-1f45-49d2-af55-9ab2b72c3b35
5f078a73-bc4b-4231-9c91-144060234d49,4,b86ae24b-6f59-47e8-8adc-b17d88cbd367
7cbec68e-07c8-4476-86b4-90549db95454,4,6f3a3072-a24d-4d11-9cef-25b0b5f8a4af
6056966f-4515-4b6c-b1a6-7f55ca774b78,2,35550082-a52d-4301-8f06-05b30f6f3616
ba9fa0c5-4631-42dc-9e4f-1dbbaafcb85c,4,5ceddd13-cf00-481f-9285-8340ab95d06d
b9523b83-4b6f-41d3-8681-b946313ac6c3,1,74aeb414-e3dd-4e8a-beef-0fa45225214d
a11ec73d-efcb-4918-be37-fa6f812d22de,4,e8b6528e-a830-4d03-a027-473b411c7f02
8f024856-4bf8-4117-81ac-d61f62c91158,1,843b6553-dc6a-4fc4-bceb-02cd39af0168
97c51e08-8026-44cb-af4b-15f8011e4931,4,b86ae24b-6f59-47e8-8adc-b17d88cbd367
b3bbc1b2-11bf-4a7f-8424-8c6fb14d753b,1,be49171b-9f72-4fc9-bf7a-9a52e259836b
93a40bfd-c161-47be-8659-714ca706b514,2,e18f33a6-b89a-4fbc-82ad-ccba5bb261cc
f4b472f8-f344-4abe-a7dd-5b3cc983301b,1,579f4cd0-1f45-49d2-af55-9ab2b72c3b35
d9cc0f2f-0be3-4cfc-bec0-fd97eb7977d6,2,579f4cd0-1f45-49d2-af55-9ab2b72c3b35
35b4cbc7-b92f-400f-b292-8494dbb23567,2,74aeb414-e3dd-4e8a-beef-0fa45225214d
bbd9db3c-9553-43b8-8223-c8d204ba5129,2,e18f33a6-b89a-4fbc-82ad-ccba5bb261cc
a2c0226b-46d1-4100-9eff-f9d5b3255850,2,5b50b820-1d0a-4231-9422-75e7f6b0cecf
03b5ede7-4f3e-4d17-a326-be5e27338501,4,37e0062f-bd15-4c3e-b272-558a86d90598
03b5ede7-4f3e-4d17-a326-be5e27338501,4,80eda933-749d-4fc6-91d5-613d29eb126f
b9523b83-4b6f-41d3-8681-b946313ac6c3,1,58b575f2-2192-4a53-9d21-df9a0c14fc25
8329a65b-7ddf-4250-aeee-bd625f8a401a,3,5b50b820-1d0a-4231-9422-75e7f6b0cecf
88971e55-2d81-493c-bd7f-2e1efc4c0153,2,80eda933-749d-4fc6-91d5-613d29eb126f
942af8de-9bef-48e3-8fda-2341f20d2fbe,2,4cda01b9-62e2-46c5-830f-b7f262a58fb1
1be71a60-1e61-4b97-aa13-1a6886f50ef3,4,35550082-a52d-4301-8f06-05b30f6f3616
a11ec73d-efcb-4918-be37-fa6f812d22de,1,55c6a062-5f4a-4a8b-a8e5-05ea5e6715a3
f6eed630-9b01-4f64-81eb-f13be001f2b6,3,5ceddd13-cf00-481f-9285-8340ab95d06d
1e5fa971-3c0e-4ae8-b5bb-63d6176b82b2,2,843b6553-dc6a-4fc4-bceb-02cd39af0168
630bc8fb-239e-49e8-9911-90f5ee5637c6,4,579f4cd0-1f45-49d2-af55-9ab2b72c3b35
497e5ef8-5bf6-424c-9d05-f5a467c2d23a,2,e18f33a6-b89a-4fbc-82ad-ccba5bb261cc
2db8d59b-1470-4cd3-8be6-c96a82480240,2,d3e228db-8ca5-42ad-bb0a-2148e876cc59
ea907a0e-c27d-4d44-878c-1d2a9e54b740,1,fb0e8be7-5ac4-4a76-a1fa-2cc4bf0b2d80
12c0a32d-2471-465f-9337-14b221af4fc3,3,689fb64e-a4a2-45c5-b9f2-480c2155624d
5f994f7e-2e13-4720-99ed-cfbdcdfd6e2a,3,80eda933-749d-4fc6-91d5-613d29eb126f
80768346-2426-4f4a-a8ba-4f7768139f94,3,c7050c3b-a898-424d-8d98-ab0aaad7bef4
e42ba9a9-986a-4f00-8dd2-5cf8462c74ea,4,bb19d194-e1bd-4358-819e-cd1f1b401c0c
9f640f78-93eb-46d3-b4c8-41ef69b03d8b,3,e8b6528e-a830-4d03-a027-473b411c7f02
8f024856-4bf8-4117-81ac-d61f62c91158,1,05df0866-1a66-41d8-9ed7-e2bbcddd6a3d
1eb77dda-3387-4242-ba28-0b371ea785cf,2,fb0e8be7-5ac4-4a76-a1fa-2cc4bf0b2d80
692abf44-42fb-4cd3-8076-d9346d57211c,2,05df0866-1a66-41d8-9ed7-e2bbcddd6a3d
42ec61e5-e1ff-4dee-b507-3e466e5d1768,3,74aeb414-e3dd-4e8a-beef-0fa45225214d
44f19d9b-6f8d-4c04-8c1e-ee05a171a48a,1,615695d3-8ffd-4850-bcf7-944cf6d3685b
ba9fa0c5-4631-42dc-9e4f-1dbbaafcb85c,4,74aeb414-e3dd-4e8a-beef-0fa45225214d
29d20dcd-d0c4-4bca-a52d-fc9363b5d7c6,2,be49171b-9f72-4fc9-bf7a-9a52e259836b
b6d916e6-da31-4145-9edd-8fc76677b55b,2,35550082-a52d-4301-8f06-05b30f6f3616
c46b8091-59e1-49de-a505-f1c98023a65a,2,58b575f2-2192-4a53-9d21-df9a0c14fc25
96a0cf17-5d93-4476-b836-ec6c8c7a9b21,2,e2e78dfc-f25c-4fec-a002-8e280d61a2f2
12a416f6-08d4-4db5-953e-d683ca9081f6,2,37e0062f-bd15-4c3e-b272-558a86d90598
8899a38e-2c99-46ea-adb4-526c3a1fac38,4,64d39754-03e4-4fa0-b1ea-5f4293315f67
4a67cffa-e7bc-4d30-bc97-f2c9a71334d1,1,e5ee99b6-519f-4218-8b41-62f48f59f700
f9cdbb13-c633-4867-bcb0-284d9a583781,4,55c6a062-5f4a-4a8b-a8e5-05ea5e6715a3
937b130d-c75f-47c6-913f-ca7717e82dae,1,c17e63f7-0d28-4a95-8248-b01ea354840e
fe1144d9-15c7-4d10-a533-fee0c06b0bcb,3,615695d3-8ffd-4850-bcf7-944cf6d3685b
2ebd594f-3b44-4b66-87f0-5b2c321086d1,1,37e0062f-bd15-4c3e-b272-558a86d90598
f67806e3-1791-404d-a445-6467318f3a0d,4,55c6a062-5f4a-4a8b-a8e5-05ea5e6715a3
0669a520-9c7e-424d-a279-ee96f6f25aec,1,e8b6528e-a830-4d03-a027-473b411c7f02
906ac891-d7a7-4d50-b4c6-c982fae2fc2d,1,b66a7143-c18a-43bb-b5dc-06bb5d1d3160
59c79883-a968-49af-833b-7305f181c669,1,80eda933-749d-4fc6-91d5-613d29eb126f
53aa67bb-9718-44bf-8b08-dc5e853a7166,4,e5ee99b6-519f-4218-8b41-62f48f59f700
1829f967-79c8-4998-ba9f-9d381728cedd,3,05df0866-1a66-41d8-9ed7-e2bbcddd6a3d
27897d11-f7a3-424a-bc4b-50c0487d12d1,4,fb0e8be7-5ac4-4a76-a1fa-2cc4bf0b2d80
ba6390f1-e352-4fd5-9f1e-b350214c4124,4,fb0e8be7-5ac4-4a76-a1fa-2cc4bf0b2d80
f3ab84e6-dec5-43b4-9aa7-45b9988bff58,2,d3e228db-8ca5-42ad-bb0a-2148e876cc59
a11ec73d-efcb-4918-be37-fa6f812d22de,1,5ceddd13-cf00-481f-9285-8340ab95d06d
80768346-2426-4f4a-a8ba-4f7768139f94,2,e18f33a6-b89a-4fbc-82ad-ccba5bb261cc
84aac39f-68ae-4e5f-a2c7-b5ad0b820a09,1,5b50b820-1d0a-4231-9422-75e7f6b0cecf
fa41614e-38dc-4cfb-ade8-4ffb9d1fed72,3,35550082-a52d-4301-8f06-05b30f6f3616
e86dab74-f840-482c-b833-0e60b4e58a27,1,6f3a3072-a24d-4d11-9cef-25b0b5f8a4af
265f9aae-561a-4232-a78a-7052466e46b7,4,e2e78dfc-f25c-4fec-a002-8e280d61a2f2
0ac61965-6392-4fe3-bb4f-292438c37de0,2,c17e63f7-0d28-4a95-8248-b01ea354840e
3895ef3d-4e4f-4793-ba7f-66743b7a7d39,2,5b50b820-1d0a-4231-9422-75e7f6b0cecf
fed6ed02-4791-48e0-8cc4-c127dceca8ca,1,5ceddd13-cf00-481f-9285-8340ab95d06d
b3bbc1b2-11bf-4a7f-8424-8c6fb14d753b,3,5b50b820-1d0a-4231-9422-75e7f6b0cecf
b245fe74-2070-4203-848c-85d4b59f8eef,3,5ceddd13-cf00-481f-9285-8340ab95d06d
529bcc4d-8fcc-42b5-b4c5-a0e2c8886686,4,579f4cd0-1f45-49d2-af55-9ab2b72c3b35
273c575f-a41c-428f-80b0-a97985793b00,3,e8b6528e-a830-4d03-a027-473b411c7f02
7edd0cc1-e72c-4463-86c9-e7758c6fd2f6,1,be49171b-9f72-4fc9-bf7a-9a52e259836b
ef4b32fb-3859-441a-a4cc-1ca197f78aeb,1,4cda01b9-62e2-46c5-830f-b7f262a58fb1
0322c87a-dccc-4c1d-a639-2404c00c7871,3,c7050c3b-a898-424d-8d98-ab0aaad7bef4
a7cf9a95-2f89-4c41-bc7d-1ba891946f76,2,689fb64e-a4a2-45c5-b9f2-480c2155624d
095cd54c-8568-4245-9d7a-9c2f79c6a19e,2,689fb64e-a4a2-45c5-b9f2-480c2155624d
9da202ba-64b2-4c8c-bab7-7cfc56a3410c,1,80eda933-749d-4fc6-91d5-613d29eb126f
03b5ede7-4f3e-4d17-a326-be5e27338501,3,e8b6528e-a830-4d03-a027-473b411c7f02
967f96c9-adcf-4304-9295-73a9766fe51f,1,74aeb414-e3dd-4e8a-beef-0fa45225214d
4650242f-8513-49dd-b2e8-4df3c388fd22,4,fb0e8be7-5ac4-4a76-a1fa-2cc4bf0b2d80
29feab11-0894-43f4-bb2b-502453a49f23,4,4cda01b9-62e2-46c5-830f-b7f262a58fb1
29d20dcd-d0c4-4bca-a52d-fc9363b5d7c6,3,5ceddd13-cf00-481f-9285-8340ab95d06d
630bc8fb-239e-49e8-9911-90f5ee5637c6,2,e5ee99b6-519f-4218-8b41-62f48f59f700
667f2f4e-4262-425d-bf66-9b600af692a6,1,74aeb414-e3dd-4e8a-beef-0fa45225214d
d6ae6182-1c85-4b8e-a7a0-d150b08cab27,1,c7050c3b-a898-424d-8d98-ab0aaad7bef4
f9d41e2a-81fa-400d-930f-a960c3135db9,2,c7050c3b-a898-424d-8d98-ab0aaad7bef4
692abf44-42fb-4cd3-8076-d9346d57211c,1,fb0e8be7-5ac4-4a76-a1fa-2cc4bf0b2d80
290e43d7-2768-47e8-9037-94d08ddc4345,2,bb19d194-e1bd-4358-819e-cd1f1b401c0c
f41a7205-5a93-4d93-8988-ad1ee619ae2a,1,64d39754-03e4-4fa0-b1ea-5f4293315f67
38c516e8-b23a-493a-8a5c-bf7b2b9ea995,3,64d39754-03e4-4fa0-b1ea-5f4293315f67
38893be1-b3c0-4460-ab69-f83f6ac95c6a,1,c17e63f7-0d28-4a95-8248-b01ea354840e
5f078a73-bc4b-4231-9c91-144060234d49,3,64d39754-03e4-4fa0-b1ea-5f4293315f67
01e059c6-9aee-4dfe-b5b5-8c403bb21a82,3,689fb64e-a4a2-45c5-b9f2-480c2155624d
c5a71045-9dfe-4345-8021-200a01481367,1,689fb64e-a4a2-45c5-b9f2-480c2155624d
b4eec587-6bca-4b2a-b3d3-ef2db72c4a4f,3,e8b6528e-a830-4d03-a027-473b411c7f02
9d24b74d-0aaf-45ab-954e-5d8e435a3366,3,579f4cd0-1f45-49d2-af55-9ab2b72c3b35
8a4b88e8-7b27-4023-8134-93c6b05b2c6e,1,bb19d194-e1bd-4358-819e-cd1f1b401c0c
c98cb399-9f31-47e9-8394-80b6962cbdae,2,6f3a3072-a24d-4d11-9cef-25b0b5f8a4af
aab22458-eebe-4f90-b563-d1eda139e78d,2,843b6553-dc6a-4fc4-bceb-02cd39af0168
eb047506-bf59-4d29-b134-6a9d80235f3f,2,c17e63f7-0d28-4a95-8248-b01ea354840e
b10167f6-1753-4208-b79b-cba9ace4b6be,2,4cda01b9-62e2-46c5-830f-b7f262a58fb1
0ec01f36-fc49-456b-8ca5-7a7d5ea50df5,1,64d39754-03e4-4fa0-b1ea-5f4293315f67
7023672d-7f59-4b86-be86-4d4621ad06ae,2,579f4cd0-1f45-49d2-af55-9ab2b72c3b35
c46b8091-59e1-49de-a505-f1c98023a65a,3,e18f33a6-b89a-4fbc-82ad-ccba5bb261cc
5f16fb3f-aa26-4cdc-8de6-e86c96dc842f,3,a88a23ef-679c-4743-b151-dc7722040d8c
62f9cc25-a60a-4a87-a7d8-79f9f70ef6a3,4,05df0866-1a66-41d8-9ed7-e2bbcddd6a3d
8438becb-0cf6-4add-b15d-b4f44b724b53,3,4cda01b9-62e2-46c5-830f-b7f262a58fb1
6abeb560-cfb9-4726-8d7d-612f3cd3763e,2,6f3a3072-a24d-4d11-9cef-25b0b5f8a4af
b6d916e6-da31-4145-9edd-8fc76677b55b,1,689fb64e-a4a2-45c5-b9f2-480c2155624d
d38de9c0-789c-4527-99ff-30a23f550d88,3,579f4cd0-1f45-49d2-af55-9ab2b72c3b35
e36cd6af-75e4-4182-8ce4-e3a5323bbf2b,4,c7050c3b-a898-424d-8d98-ab0aaad7bef4
71c94abb-281b-44d8-b082-7848ae8e88d8,3,615695d3-8ffd-4850-bcf7-944cf6d3685b
6280af33-1ec6-4e8b-bc9e-6ed331ccb5da,1,e5ee99b6-519f-4218-8b41-62f48f59f700
3af487e1-401f-4269-a6a8-afd4d88c780c,3,5ceddd13-cf00-481f-9285-8340ab95d06d
d9ec4e76-e7c0-4457-b6e2-a025abea6b9a,4,35550082-a52d-4301-8f06-05b30f6f3616
2795df92-ee7d-4992-bab2-15dbb2b2ab36,1,fb0e8be7-5ac4-4a76-a1fa-2cc4bf0b2d80
6f89159f-8046-4bae-a680-34ca13c9d4fa,2,e706ab70-b396-4d30-a6b2-a1ccf3625b52
27897d11-f7a3-424a-bc4b-50c0487d12d1,4,64d39754-03e4-4fa0-b1ea-5f4293315f67
8329a65b-7ddf-4250-aeee-bd625f8a401a,1,55c6a062-5f4a-4a8b-a8e5-05ea5e6715a3
885ebd5d-6a82-4802-a241-2e52e223df5a,2,5ceddd13-cf00-481f-9285-8340ab95d06d
c0873253-7827-4831-aa92-19c38372e58d,2,fb0e8be7-5ac4-4a76-a1fa-2cc4bf0b2d80
002f22d6-25a3-48e4-aaa9-36be31e57185,3,64d39754-03e4-4fa0-b1ea-5f4293315f67
cad92df1-0b1a-4827-a1fc-f20cece591dd,2,843b6553-dc6a-4fc4-bceb-02cd39af0168
265f9aae-561a-4232-a78a-7052466e46b7,1,e8b6528e-a830-4d03-a027-473b411c7f02
29d20dcd-d0c4-4bca-a52d-fc9363b5d7c6,2,615695d3-8ffd-4850-bcf7-944cf6d3685b
81617893-be66-4c1e-b73e-a71ece089732,4,80eda933-749d-4fc6-91d5-613d29eb126f
32726aa6-2175-4fc7-856b-512f61c70dc1,2,05df0866-1a66-41d8-9ed7-e2bbcddd6a3d
7edd0cc1-e72c-4463-86c9-e7758c6fd2f6,3,55c6a062-5f4a-4a8b-a8e5-05ea5e6715a3
942af8de-9bef-48e3-8fda-2341f20d2fbe,1,58b575f2-2192-4a53-9d21-df9a0c14fc25
df91aa85-bfc7-4c31-93ef-4cee8d00a343,1,615695d3-8ffd-4850-bcf7-944cf6d3685b
15f26002-ee82-4855-a9d7-d55ff3f1a85b,2,e2e78dfc-f25c-4fec-a002-8e280d61a2f2
6056966f-4515-4b6c-b1a6-7f55ca774b78,3,e8b6528e-a830-4d03-a027-473b411c7f02
8f024856-4bf8-4117-81ac-d61f62c91158,3,e2e78dfc-f25c-4fec-a002-8e280d61a2f2
671aa103-6918-4d9a-89f6-3bd3861f4a9b,2,5ceddd13-cf00-481f-9285-8340ab95d06d
08f64f64-8cd5-491a-a5a9-80ffd3321fc9,3,d3e228db-8ca5-42ad-bb0a-2148e876cc59
3332bd19-5807-4a5f-8894-8f1fee628adf,3,37e0062f-bd15-4c3e-b272-558a86d90598
8a7d1bfe-b9b2-4aae-9455-9533214ce43e,3,e706ab70-b396-4d30-a6b2-a1ccf3625b52
8b006054-ad90-49c4-9685-2adabaf29fcc,1,615695d3-8ffd-4850-bcf7-944cf6d3685b
1be71a60-1e61-4b97-aa13-1a6886f50ef3,4,fb0e8be7-5ac4-4a76-a1fa-2cc4bf0b2d80
5741e351-3124-4de7-9dff-01a448e7dfd4,4,e8b6528e-a830-4d03-a027-473b411c7f02
db7957ce-8b32-41bb-868f-c8e9cce8f1a3,4,b86ae24b-6f59-47e8-8adc-b17d88cbd367
ffd7d39a-e3b5-43dc-97b7-f6f5443ae314,4,37e0062f-bd15-4c3e-b272-558a86d90598
0ecabdf2-fe92-4d66-ad87-6e693748d682,4,5b50b820-1d0a-4231-9422-75e7f6b0cecf
38c516e8-b23a-493a-8a5c-bf7b2b9ea995,2,4cda01b9-62e2-46c5-830f-b7f262a58fb1
63505de8-b2e8-4588-8f0d-b1121bfb75f8,1,6f3a3072-a24d-4d11-9cef-25b0b5f8a4af
3332bd19-5807-4a5f-8894-8f1fee628adf,1,b66a7143-c18a-43bb-b5dc-06bb5d1d3160
b15964ec-1e59-4258-9ecb-bcaac33cd071,3,80eda933-749d-4fc6-91d5-613d29eb126f
e24985f3-2fb3-456e-a1aa-aaf88f490d70,1,c7050c3b-a898-424d-8d98-ab0aaad7bef4
b6d916e6-da31-4145-9edd-8fc76677b55b,3,e706ab70-b396-4d30-a6b2-a1ccf3625b52
34d36019-85bf-4260-9b15-1ed4d4ae3ada,3,a88a23ef-679c-4743-b151-dc7722040d8c
b15964ec-1e59-4258-9ecb-bcaac33cd071,2,b86ae24b-6f59-47e8-8adc-b17d88cbd367
551f91e6-bce3-4fb5-8dd6-782ff140480d,1,c7050c3b-a898-424d-8d98-ab0aaad7bef4
2bfad5b6-b4ad-47e2-a316-8b7dc7fbc246,1,e18f33a6-b89a-4fbc-82ad-ccba5bb261cc
dbfaf983-63e8-4246-899b-f0689e54ea56,4,4cda01b9-62e2-46c5-830f-b7f262a58fb1
2795df92-ee7d-4992-bab2-15dbb2b2ab36,3,e18f33a6-b89a-4fbc-82ad-ccba5bb261cc
a926376d-6261-45af-89bf-36cbee1f8cda,3,d3e228db-8ca5-42ad-bb0a-2148e876cc59
1b8feb77-03cf-4414-a652-544fa364c008,4,e18f33a6-b89a-4fbc-82ad-ccba5bb261cc
19f1c3c5-3840-4d33-8d88-30fad93fa25e,1,843b6553-dc6a-4fc4-bceb-02cd39af0168
f684e5fd-154c-4b52-9b35-1ccc7e74190f,1,b86ae24b-6f59-47e8-8adc-b17d88cbd367
951d80a3-2947-4ec2-a5a4-c633662d25e9,3,64d39754-03e4-4fa0-b1ea-5f4293315f67
bd760d86-5051-4418-86cc-d97e4deac8af,1,58b575f2-2192-4a53-9d21-df9a0c14fc25
5a87daee-97d3-4676-9f53-58bfb7042ca4,2,e5ee99b6-519f-4218-8b41-62f48f59f700
ec11cc26-50d8-47bd-8ed0-20587214ba7d,3,843b6553-dc6a-4fc4-bceb-02cd39af0168
5dbde056-632e-484a-a30b-67665cec51ee,3,05df0866-1a66-41d8-9ed7-e2bbcddd6a3d
9dfcd309-494d-49bb-8e85-ad176efff081,2,80eda933-749d-4fc6-91d5-613d29eb126f
71d7653c-9386-42df-afef-6d9d44bb53c4,4,689fb64e-a4a2-45c5-b9f2-480c2155624d
06b914dd-d6fc-44ea-a52e-10eadebb5183,1,58b575f2-2192-4a53-9d21-df9a0c14fc25
bff70480-5298-4218-8cac-4f825b082bf5,2,c17e63f7-0d28-4a95-8248-b01ea354840e
7456d2d4-95f8-4725-bcd3-78ec79467149,1,a88a23ef-679c-4743-b151-dc7722040d8c
041ecc00-a968-4118-afd5-84093c4e7356,3,e2e78dfc-f25c-4fec-a002-8e280d61a2f2
973443f0-e2ff-472c-8469-f452d0beeeda,4,689fb64e-a4a2-45c5-b9f2-480c2155624d
e4132e2f-e65c-407f-87f1-27c416702bf2,2,615695d3-8ffd-4850-bcf7-944cf6d3685b
1fa7bc74-ee64-4aa8-8df3-f8066532eb9c,2,80eda933-749d-4fc6-91d5-613d29eb126f
5b13b820-a450-42d2-aaaa-a8a9c5fbd48c,1,37e0062f-bd15-4c3e-b272-558a86d90598
8a7d1bfe-b9b2-4aae-9455-9533214ce43e,2,e2e78dfc-f25c-4fec-a002-8e280d61a2f2
fc78eeaa-1ffc-480d-910d-02b487109fa8,4,843b6553-dc6a-4fc4-bceb-02cd39af0168
4d1f5b81-0ccc-4204-a6c8-f78c74882ded,4,fb0e8be7-5ac4-4a76-a1fa-2cc4bf0b2d80
4c0ffd68-11fc-4dcd-b979-c910412a16bf,1,e706ab70-b396-4d30-a6b2-a1ccf3625b52
5741e351-3124-4de7-9dff-01a448e7dfd4,4,05df0866-1a66-41d8-9ed7-e2bbcddd6a3d
939767ac-357a-4bec-91f8-a7b25edd46c9,4,80eda933-749d-4fc6-91d5-613d29eb126f
9dfcd309-494d-49bb-8e85-ad176efff081,2,e8b6528e-a830-4d03-a027-473b411c7f02
dc3c0681-9e42-4041-a2eb-576324037da3,1,e2e78dfc-f25c-4fec-a002-8e280d61a2f2
8742e74e-c54e-4264-a3f2-7dd301072523,4,fb0e8be7-5ac4-4a76-a1fa-2cc4bf0b2d80
5f16fb3f-aa26-4cdc-8de6-e86c96dc842f,2,55c6a062-5f4a-4a8b-a8e5-05ea5e6715a3
7f999c60-f004-4b75-8851-72498dfa47fc,2,58b575f2-2192-4a53-9d21-df9a0c14fc25
2db8d59b-1470-4cd3-8be6-c96a82480240,1,5b50b820-1d0a-4231-9422-75e7f6b0cecf
7f999c60-f004-4b75-8851-72498dfa47fc,4,689fb64e-a4a2-45c5-b9f2-480c2155624d
5a87daee-97d3-4676-9f53-58bfb7042ca4,1,05df0866-1a66-41d8-9ed7-e2bbcddd6a3d
9da202ba-64b2-4c8c-bab7-7cfc56a3410c,4,615695d3-8ffd-4850-bcf7-944cf6d3685b
03b5ede7-4f3e-4d17-a326-be5e27338501,3,a88a23ef-679c-4743-b151-dc7722040d8c
d13a5859-35dd-4e23-9601-6bfef26a0ded,1,d3e228db-8ca5-42ad-bb0a-2148e876cc59
c57a3e41-2e01-4529-a904-054657859dd7,2,a88a23ef-679c-4743-b151-dc7722040d8c
b12b922c-5b91-4dff-a7c5-839e42584ef3,4,64d39754-03e4-4fa0-b1ea-5f4293315f67
3dd8be7e-c2c0-4141-953f-1ce79cff87b8,3,6f3a3072-a24d-4d11-9cef-25b0b5f8a4af
b9523b83-4b6f-41d3-8681-b946313ac6c3,4,e8b6528e-a830-4d03-a027-473b411c7f02
03232fbc-033a-4ba9-b0d7-195b987682ef,2,615695d3-8ffd-4850-bcf7-944cf6d3685b
09853043-de2b-4ab4-a47a-4cb90a13a27e,1,e5ee99b6-519f-4218-8b41-62f48f59f700
cad92df1-0b1a-4827-a1fc-f20cece591dd,3,b66a7143-c18a-43bb-b5dc-06bb5d1d3160
951d80a3-2947-4ec2-a5a4-c633662d25e9,2,80eda933-749d-4fc6-91d5-613d29eb126f
484655dc-c294-4f4a-9ac4-de88a2e440e3,4,a88a23ef-679c-4743-b151-dc7722040d8c
ab62de1b-c41d-4dd0-a723-cbadfe62e864,1,689fb64e-a4a2-45c5-b9f2-480c2155624d
08f64f64-8cd5-491a-a5a9-80ffd3321fc9,1,a88a23ef-679c-4743-b151-dc7722040d8c
53aa67bb-9718-44bf-8b08-dc5e853a7166,2,05df0866-1a66-41d8-9ed7-e2bbcddd6a3d
2affb750-b1d9-4b84-b612-8381435bc669,2,e2e78dfc-f25c-4fec-a002-8e280d61a2f2
191f7ddb-6fac-4ced-905c-307b6b8a1f29,4,615695d3-8ffd-4850-bcf7-944cf6d3685b
97c51e08-8026-44cb-af4b-15f8011e4931,2,37e0062f-bd15-4c3e-b272-558a86d90598
4a67cffa-e7bc-4d30-bc97-f2c9a71334d1,3,843b6553-dc6a-4fc4-bceb-02cd39af0168
cc2bd924-fb17-408c-93b5-cc01cf8e9ef0,3,b86ae24b-6f59-47e8-8adc-b17d88cbd367
71c94abb-281b-44d8-b082-7848ae8e88d8,3,bb19d194-e1bd-4358-819e-cd1f1b401c0c
3fb5a1fd-bf02-4ca0-bb26-4ff4c4a4af74,4,b66a7143-c18a-43bb-b5dc-06bb5d1d3160
08a14677-500a-4814-a60a-d83c3f6a8a37,3,55c6a062-5f4a-4a8b-a8e5-05ea5e6715a3
2e40bfc1-f035-4617-a12b-da047e4578c3,1,615695d3-8ffd-4850-bcf7-944cf6d3685b
0ec01f36-fc49-456b-8ca5-7a7d5ea50df5,1,4cda01b9-62e2-46c5-830f-b7f262a58fb1
a86318cc-892b-4ea0-a031-da15ad2e52ed,4,615695d3-8ffd-4850-bcf7-944cf6d3685b
c08e2beb-24ee-4915-8668-dabe2306c6ca,4,e18f33a6-b89a-4fbc-82ad-ccba5bb261cc
73bfa842-99f9-4181-883f-08b7795cb167,3,e5ee99b6-519f-4218-8b41-62f48f59f700
ea907a0e-c27d-4d44-878c-1d2a9e54b740,3,5b50b820-1d0a-4231-9422-75e7f6b0cecf
cb9cd4d2-3bce-4173-8303-62e581e91ac7,3,55c6a062-5f4a-4a8b-a8e5-05ea5e6715a3
6f89159f-8046-4bae-a680-34ca13c9d4fa,4,689fb64e-a4a2-45c5-b9f2-480c2155624d
f6881473-8927-4504-8ba0-3acecf098b5c,2,689fb64e-a4a2-45c5-b9f2-480c2155624d
4c19a2cf-ac71-4c7b-b629-b61373a75db6,2,e8b6528e-a830-4d03-a027-473b411c7f02
e85b50e8-357e-45ff-8b8d-1890b9b7d0f0,1,579f4cd0-1f45-49d2-af55-9ab2b72c3b35
08a14677-500a-4814-a60a-d83c3f6a8a37,4,fb0e8be7-5ac4-4a76-a1fa-2cc4bf0b2d80
08f64f64-8cd5-491a-a5a9-80ffd3321fc9,1,c7050c3b-a898-424d-8d98-ab0aaad7bef4
682824be-efb5-4ff6-a61b-70342f7d7606,1,fb0e8be7-5ac4-4a76-a1fa-2cc4bf0b2d80
eddb6163-e96d-4f8f-98c6-76393a96dbbf,1,5ceddd13-cf00-481f-9285-8340ab95d06d
bff70480-5298-4218-8cac-4f825b082bf5,3,55c6a062-5f4a-4a8b-a8e5-05ea5e6715a3
a7cf9a95-2f89-4c41-bc7d-1ba891946f76,3,4cda01b9-62e2-46c5-830f-b7f262a58fb1
0322c87a-dccc-4c1d-a639-2404c00c7871,2,bb19d194-e1bd-4358-819e-cd1f1b401c0c
03232fbc-033a-4ba9-b0d7-195b987682ef,3,5ceddd13-cf00-481f-9285-8340ab95d06d
3e28eae3-bfb3-4f56-aeea-5a8d8fd399d2,3,be49171b-9f72-4fc9-bf7a-9a52e259836b
40dceee3-31ce-450b-b55d-09099de1a8fb,2,689fb64e-a4a2-45c5-b9f2-480c2155624d
5c309f46-440b-4cd5-a908-862c72e008b2,1,689fb64e-a4a2-45c5-b9f2-480c2155624d
7cbec68e-07c8-4476-86b4-90549db95454,2,b66a7143-c18a-43bb-b5dc-06bb5d1d3160
e2729b7d-e313-4a6f-9444-f7f65ae8db9a,4,58b575f2-2192-4a53-9d21-df9a0c14fc25
ea907a0e-c27d-4d44-878c-1d2a9e54b740,2,6f3a3072-a24d-4d11-9cef-25b0b5f8a4af
bff70480-5298-4218-8cac-4f825b082bf5,2,e706ab70-b396-4d30-a6b2-a1ccf3625b52
f9cdbb13-c633-4867-bcb0-284d9a583781,1,74aeb414-e3dd-4e8a-beef-0fa45225214d
f47e999f-0933-4903-bd76-2154b7fdc18c,4,05df0866-1a66-41d8-9ed7-e2bbcddd6a3d
bd1b29ee-5f35-4a9f-94a5-9faaae412e12,1,37e0062f-bd15-4c3e-b272-558a86d90598
2ebd594f-3b44-4b66-87f0-5b2c321086d1,1,e5ee99b6-519f-4218-8b41-62f48f59f700
7cbec68e-07c8-4476-86b4-90549db95454,2,e8b6528e-a830-4d03-a027-473b411c7f02
99127f5a-b3a4-440e-87c1-c78861ac2ca8,1,843b6553-dc6a-4fc4-bceb-02cd39af0168
90ffdce6-ac7d-46e1-b2b1-310b41b2c789,1,a88a23ef-679c-4743-b151-dc7722040d8c
ab62de1b-c41d-4dd0-a723-cbadfe62e864,4,74aeb414-e3dd-4e8a-beef-0fa45225214d
484655dc-c294-4f4a-9ac4-de88a2e440e3,3,e5ee99b6-519f-4218-8b41-62f48f59f700
bbb8264e-cb71-4967-8033-60d7a52ad2fc,1,80eda933-749d-4fc6-91d5-613d29eb126f
1559d243-a71a-4568-ac1b-a6175099e006,4,d3e228db-8ca5-42ad-bb0a-2148e876cc59
67ae065f-0e88-4dcd-bf78-95f5f4613c69,4,e706ab70-b396-4d30-a6b2-a1ccf3625b52
e2510e94-b61f-4d8f-bf5f-7c13f609f272,3,e8b6528e-a830-4d03-a027-473b411c7f02
e9891ca7-3306-4f75-93fd-c04b976f9641,4,05df0866-1a66-41d8-9ed7-e2bbcddd6a3d
f3ab84e6-dec5-43b4-9aa7-45b9988bff58,4,615695d3-8ffd-4850-bcf7-944cf6d3685b
4c19a2cf-ac71-4c7b-b629-b61373a75db6,4,55c6a062-5f4a-4a8b-a8e5-05ea5e6715a3
2973c405-100e-4ece-af7f-077783132b3c,4,be49171b-9f72-4fc9-bf7a-9a52e259836b
3fb5a1fd-bf02-4ca0-bb26-4ff4c4a4af74,3,689fb64e-a4a2-45c5-b9f2-480c2155624d
cec02b6d-c997-4cad-8ab8-141c7a30aaf0,4,d3e228db-8ca5-42ad-bb0a-2148e876cc59
0b926971-0595-47de-a881-26c82d880ed4,1,6f3a3072-a24d-4d11-9cef-25b0b5f8a4af
843b5729-e193-4a16-834e-7447e35a37c8,4,b86ae24b-6f59-47e8-8adc-b17d88cbd367
f5e96989-b540-486f-bb13-1f4297c194bd,3,c17e63f7-0d28-4a95-8248-b01ea354840e
fe655286-6400-456f-ad0f-c61554d8988b,3,c7050c3b-a898-424d-8d98-ab0aaad7bef4
ba9fa0c5-4631-42dc-9e4f-1dbbaafcb85c,2,c7050c3b-a898-424d-8d98-ab0aaad7bef4
da8cbe31-46f8-4b5c-806a-11ba9c40df9a,1,05df0866-1a66-41d8-9ed7-e2bbcddd6a3d
ab62de1b-c41d-4dd0-a723-cbadfe62e864,4,bb19d194-e1bd-4358-819e-cd1f1b401c0c
273c575f-a41c-428f-80b0-a97985793b00,2,5ceddd13-cf00-481f-9285-8340ab95d06d
951d80a3-2947-4ec2-a5a4-c633662d25e9,3,fb0e8be7-5ac4-4a76-a1fa-2cc4bf0b2d80
62f9cc25-a60a-4a87-a7d8-79f9f70ef6a3,3,4cda01b9-62e2-46c5-830f-b7f262a58fb1
a2c0226b-46d1-4100-9eff-f9d5b3255850,3,37e0062f-bd15-4c3e-b272-558a86d90598
841074bf-571a-43a6-963c-ba7cbdb26c85,4,689fb64e-a4a2-45c5-b9f2-480c2155624d
859841a2-a2fa-4d7b-a749-8cd37b31b1ed,3,c7050c3b-a898-424d-8d98-ab0aaad7bef4
2bfad5b6-b4ad-47e2-a316-8b7dc7fbc246,1,579f4cd0-1f45-49d2-af55-9ab2b72c3b35
32726aa6-2175-4fc7-856b-512f61c70dc1,1,e2e78dfc-f25c-4fec-a002-8e280d61a2f2
f6881473-8927-4504-8ba0-3acecf098b5c,2,be49171b-9f72-4fc9-bf7a-9a52e259836b
551f91e6-bce3-4fb5-8dd6-782ff140480d,4,58b575f2-2192-4a53-9d21-df9a0c14fc25
d1020671-7cdf-493c-b008-c48535415611,4,b86ae24b-6f59-47e8-8adc-b17d88cbd367
d99dab56-7aa3-4eca-869c-946bca5e6811,3,b66a7143-c18a-43bb-b5dc-06bb5d1d3160
82e2a7d2-d8c2-4b37-9f18-bba82f31c5b2,3,be49171b-9f72-4fc9-bf7a-9a52e259836b
538284dd-13b3-44b9-94a6-28aeb4f04475,4,c17e63f7-0d28-4a95-8248-b01ea354840e
50c99578-5773-4467-ab2b-3105a8f51645,2,b86ae24b-6f59-47e8-8adc-b17d88cbd367
12a416f6-08d4-4db5-953e-d683ca9081f6,1,be49171b-9f72-4fc9-bf7a-9a52e259836b
4c128667-aa7c-41be-b9dd-bb5a1164e6f0,1,35550082-a52d-4301-8f06-05b30f6f3616
2ebd594f-3b44-4b66-87f0-5b2c321086d1,1,e706ab70-b396-4d30-a6b2-a1ccf3625b52
d9cc0f2f-0be3-4cfc-bec0-fd97eb7977d6,3,c17e63f7-0d28-4a95-8248-b01ea354840e
f9d41e2a-81fa-400d-930f-a960c3135db9,2,e5ee99b6-519f-4218-8b41-62f48f59f700
b249a133-9d0d-4897-9ee3-0226e76914dc,1,05df0866-1a66-41d8-9ed7-e2bbcddd6a3d
9d24b74d-0aaf-45ab-954e-5d8e435a3366,4,a88a23ef-679c-4743-b151-dc7722040d8c
3af487e1-401f-4269-a6a8-afd4d88c780c,1,d3e228db-8ca5-42ad-bb0a-2148e876cc59
82e2a7d2-d8c2-4b37-9f18-bba82f31c5b2,2,bb19d194-e1bd-4358-819e-cd1f1b401c0c
bd1b29ee-5f35-4a9f-94a5-9faaae412e12,4,a88a23ef-679c-4743-b151-dc7722040d8c
7d0f805e-b354-4c27-b55d-310e49d06e4e,3,e18f33a6-b89a-4fbc-82ad-ccba5bb261cc
9eb8e518-6851-453b-98b9-cd5c38f4f80f,2,5b50b820-1d0a-4231-9422-75e7f6b0cecf
44551048-9048-4764-91f1-5c2bb6928f8a,3,e2e78dfc-f25c-4fec-a002-8e280d61a2f2
cc5d3269-258b-4661-b83e-6aaba676fb46,2,b66a7143-c18a-43bb-b5dc-06bb5d1d3160
85a88715-9eef-486b-9494-82989ee3b483,4,fb0e8be7-5ac4-4a76-a1fa-2cc4bf0b2d80
ba9fa0c5-4631-42dc-9e4f-1dbbaafcb85c,4,d3e228db-8ca5-42ad-bb0a-2148e876cc59
dbfaf983-63e8-4246-899b-f0689e54ea56,4,be49171b-9f72-4fc9-bf7a-9a52e259836b
b0d93ef1-d63c-4f47-b3d6-8c20ff25e4e2,3,74aeb414-e3dd-4e8a-beef-0fa45225214d
42ec61e5-e1ff-4dee-b507-3e466e5d1768,2,c17e63f7-0d28-4a95-8248-b01ea354840e
1ee4b2c1-1928-49aa-8552-88d946853143,2,c7050c3b-a898-424d-8d98-ab0aaad7bef4
d1f27bac-ff50-489e-a5e0-12fd99fcf3e8,1,5b50b820-1d0a-4231-9422-75e7f6b0cecf
03b5ede7-4f3e-4d17-a326-be5e27338501,1,64d39754-03e4-4fa0-b1ea-5f4293315f67
867b34a7-c143-45ec-81db-705506a9578b,3,80eda933-749d-4fc6-91d5-613d29eb126f
b6f9c559-8c79-409f-963f-2499e5ad315e,4,689fb64e-a4a2-45c5-b9f2-480c2155624d
88971e55-2d81-493c-bd7f-2e1efc4c0153,3,843b6553-dc6a-4fc4-bceb-02cd39af0168
484655dc-c294-4f4a-9ac4-de88a2e440e3,3,843b6553-dc6a-4fc4-bceb-02cd39af0168
50c99578-5773-4467-ab2b-3105a8f51645,1,37e0062f-bd15-4c3e-b272-558a86d90598
b245fe74-2070-4203-848c-85d4b59f8eef,3,e5ee99b6-519f-4218-8b41-62f48f59f700
89e6f87a-1347-4670-9cb6-8873c4ae0bca,4,b66a7143-c18a-43bb-b5dc-06bb5d1d3160
27897d11-f7a3-424a-bc4b-50c0487d12d1,4,55c6a062-5f4a-4a8b-a8e5-05ea5e6715a3
e03c0b27-dcb0-4b48-a36e-1c5f013d11d9,1,c17e63f7-0d28-4a95-8248-b01ea354840e
431ed9a0-8475-4928-a7b2-81db3f1a2dea,1,fb0e8be7-5ac4-4a76-a1fa-2cc4bf0b2d80
c20d15c3-b463-49d9-a114-905c83bbf357,4,55c6a062-5f4a-4a8b-a8e5-05ea5e6715a3
3af487e1-401f-4269-a6a8-afd4d88c780c,2,689fb64e-a4a2-45c5-b9f2-480c2155624d
96b4a784-2348-428c-bf1a-b1622c88d0d7,2,80eda933-749d-4fc6-91d5-613d29eb126f
a132ed5c-7140-41f5-8eb1-992b7aeae11b,3,fb0e8be7-5ac4-4a76-a1fa-2cc4bf0b2d80
8a7d1bfe-b9b2-4aae-9455-9533214ce43e,3,74aeb414-e3dd-4e8a-beef-0fa45225214d
fd47d88b-69d6-403b-bf53-b108819098f0,3,e18f33a6-b89a-4fbc-82ad-ccba5bb261cc
041ecc00-a968-4118-afd5-84093c4e7356,1,d3e228db-8ca5-42ad-bb0a-2148e876cc59
8502b2de-ada6-4a20-8625-092835744bd8,2,615695d3-8ffd-4850-bcf7-944cf6d3685b
0f7d97e4-6093-489d-b338-e98397482ff3,3,615695d3-8ffd-4850-bcf7-944cf6d3685b
85a88715-9eef-486b-9494-82989ee3b483,3,e706ab70-b396-4d30-a6b2-a1ccf3625b52
63505de8-b2e8-4588-8f0d-b1121bfb75f8,4,5ceddd13-cf00-481f-9285-8340ab95d06d
7db78274-d998-408b-9c97-83f22373c9ea,3,5ceddd13-cf00-481f-9285-8340ab95d06d
87a0f788-bba9-40b9-8c39-7df9d4dece24,1,e706ab70-b396-4d30-a6b2-a1ccf3625b52
2fafb5c6-5200-4d9a-af6b-b6517667a1ea,3,fb0e8be7-5ac4-4a76-a1fa-2cc4bf0b2d80
a5db4fd7-bc7c-47d6-a162-e613d905ec82,3,b66a7143-c18a-43bb-b5dc-06bb5d1d3160
7d0f805e-b354-4c27-b55d-310e49d06e4e,3,bb19d194-e1bd-4358-819e-cd1f1b401c0c
349b5ed3-cac3-401f-aef3-290bc0b8d5d7,1,615695d3-8ffd-4850-bcf7-944cf6d3685b
5b13b820-a450-42d2-aaaa-a8a9c5fbd48c,2,843b6553-dc6a-4fc4-bceb-02cd39af0168
32bd64c8-5e08-472f-b41e-f8af1d345763,1,5ceddd13-cf00-481f-9285-8340ab95d06d
e1ecd50e-033d-4d0c-bcff-137c2eb494dd,1,c17e63f7-0d28-4a95-8248-b01ea354840e
bc247c35-1e4f-453a-af60-f14218a219b5,4,be49171b-9f72-4fc9-bf7a-9a52e259836b
40dceee3-31ce-450b-b55d-09099de1a8fb,3,c7050c3b-a898-424d-8d98-ab0aaad7bef4
d9ec4e76-e7c0-4457-b6e2-a025abea6b9a,2,37e0062f-bd15-4c3e-b272-558a86d90598
4aca1a9f-2fdc-49ce-8055-f178ffaff195,2,e706ab70-b396-4d30-a6b2-a1ccf3625b52
0322c87a-dccc-4c1d-a639-2404c00c7871,3,689fb64e-a4a2-45c5-b9f2-480c2155624d
0b926971-0595-47de-a881-26c82d880ed4,4,37e0062f-bd15-4c3e-b272-558a86d90598
29d20dcd-d0c4-4bca-a52d-fc9363b5d7c6,1,e2e78dfc-f25c-4fec-a002-8e280d61a2f2
62f9cc25-a60a-4a87-a7d8-79f9f70ef6a3,4,64d39754-03e4-4fa0-b1ea-5f4293315f67
80768346-2426-4f4a-a8ba-4f7768139f94,4,74aeb414-e3dd-4e8a-beef-0fa45225214d
fd47d88b-69d6-403b-bf53-b108819098f0,1,d3e228db-8ca5-42ad-bb0a-2148e876cc59
92d3887f-6f9e-4e3f-85a8-3da52d46cd45,2,bb19d194-e1bd-4358-819e-cd1f1b401c0c
973443f0-e2ff-472c-8469-f452d0beeeda,4,05df0866-1a66-41d8-9ed7-e2bbcddd6a3d
d6c0fab7-7510-49cc-bd20-c4d139cc63b7,4,b86ae24b-6f59-47e8-8adc-b17d88cbd367
cf9e7988-a925-4015-baf3-7a0f9e494291,4,a88a23ef-679c-4743-b151-dc7722040d8c
15f26002-ee82-4855-a9d7-d55ff3f1a85b,1,579f4cd0-1f45-49d2-af55-9ab2b72c3b35
032b02a8-84fe-4c54-950a-e5757021ecc2,1,4cda01b9-62e2-46c5-830f-b7f262a58fb1
adfbf8f4-16df-4e8e-845c-1c1efa5f69d9,2,615695d3-8ffd-4850-bcf7-944cf6d3685b
b8674a2e-e825-4cde-8885-959b55d86c1a,4,fb0e8be7-5ac4-4a76-a1fa-2cc4bf0b2d80
3fb5a1fd-bf02-4ca0-bb26-4ff4c4a4af74,1,d3e228db-8ca5-42ad-bb0a-2148e876cc59
97c51e08-8026-44cb-af4b-15f8011e4931,1,e8b6528e-a830-4d03-a027-473b411c7f02
e03c0b27-dcb0-4b48-a36e-1c5f013d11d9,1,74aeb414-e3dd-4e8a-beef-0fa45225214d
002f22d6-25a3-48e4-aaa9-36be31e57185,2,689fb64e-a4a2-45c5-b9f2-480c2155624d
a5db4fd7-bc7c-47d6-a162-e613d905ec82,2,579f4cd0-1f45-49d2-af55-9ab2b72c3b35
914b8929-e04a-40f8-86ee-357f2be3a2a2,2,b66a7143-c18a-43bb-b5dc-06bb5d1d3160
4f4b3ac9-1308-4115-b7d7-abe956e17565,4,e8b6528e-a830-4d03-a027-473b411c7f02
2fafb5c6-5200-4d9a-af6b-b6517667a1ea,4,35550082-a52d-4301-8f06-05b30f6f3616
e4926154-3efe-4c30-860a-5cbb7f97490b,3,55c6a062-5f4a-4a8b-a8e5-05ea5e6715a3
0ac61965-6392-4fe3-bb4f-292438c37de0,2,37e0062f-bd15-4c3e-b272-558a86d90598
bff70480-5298-4218-8cac-4f825b082bf5,1,615695d3-8ffd-4850-bcf7-944cf6d3685b
0976f5e0-829b-4111-9ae8-3c444a1b26eb,2,e18f33a6-b89a-4fbc-82ad-ccba5bb261cc
273c575f-a41c-428f-80b0-a97985793b00,4,64d39754-03e4-4fa0-b1ea-5f4293315f67
56d043f8-afaf-4a6e-a4d3-8fbd01d8858b,2,d3e228db-8ca5-42ad-bb0a-2148e876cc59
89e6f87a-1347-4670-9cb6-8873c4ae0bca,3,05df0866-1a66-41d8-9ed7-e2bbcddd6a3d
56d043f8-afaf-4a6e-a4d3-8fbd01d8858b,3,843b6553-dc6a-4fc4-bceb-02cd39af0168
eb27dbeb-ffe0-439c-a9cd-f32c221330d9,2,6f3a3072-a24d-4d11-9cef-25b0b5f8a4af
fd47d88b-69d6-403b-bf53-b108819098f0,2,35550082-a52d-4301-8f06-05b30f6f3616
9eb8e518-6851-453b-98b9-cd5c38f4f80f,4,e5ee99b6-519f-4218-8b41-62f48f59f700
e36cd6af-75e4-4182-8ce4-e3a5323bbf2b,2,e706ab70-b396-4d30-a6b2-a1ccf3625b52
da8cbe31-46f8-4b5c-806a-11ba9c40df9a,3,5b50b820-1d0a-4231-9422-75e7f6b0cecf
ba6390f1-e352-4fd5-9f1e-b350214c4124,4,843b6553-dc6a-4fc4-bceb-02cd39af0168
859841a2-a2fa-4d7b-a749-8cd37b31b1ed,3,c17e63f7-0d28-4a95-8248-b01ea354840e
b0d93ef1-d63c-4f47-b3d6-8c20ff25e4e2,4,579f4cd0-1f45-49d2-af55-9ab2b72c3b35
d6ae6182-1c85-4b8e-a7a0-d150b08cab27,2,4cda01b9-62e2-46c5-830f-b7f262a58fb1
f5df9a3a-9a21-4648-a03f-bdaf633969e4,4,4cda01b9-62e2-46c5-830f-b7f262a58fb1
bff70480-5298-4218-8cac-4f825b082bf5,1,80eda933-749d-4fc6-91d5-613d29eb126f
885ebd5d-6a82-4802-a241-2e52e223df5a,1,b66a7143-c18a-43bb-b5dc-06bb5d1d3160
b7e548f6-8f59-4552-8577-e0b895c858b4,1,5ceddd13-cf00-481f-9285-8340ab95d06d
c0873253-7827-4831-aa92-19c38372e58d,2,05df0866-1a66-41d8-9ed7-e2bbcddd6a3d
3944bd76-a630-4f50-9f41-b4e985b520ca,3,c17e63f7-0d28-4a95-8248-b01ea354840e
10408b83-26cc-4eb8-bd08-38435207099e,3,a88a23ef-679c-4743-b151-dc7722040d8c
fd47d88b-69d6-403b-bf53-b108819098f0,1,e5ee99b6-519f-4218-8b41-62f48f59f700
03b5ede7-4f3e-4d17-a326-be5e27338501,2,05df0866-1a66-41d8-9ed7-e2bbcddd6a3d
d01dd09a-42bf-4987-af15-960fda67b02a,1,e5ee99b6-519f-4218-8b41-62f48f59f700
bd1b29ee-5f35-4a9f-94a5-9faaae412e12,3,d3e228db-8ca5-42ad-bb0a-2148e876cc59
67ae065f-0e88-4dcd-bf78-95f5f4613c69,2,5b50b820-1d0a-4231-9422-75e7f6b0cecf
3af487e1-401f-4269-a6a8-afd4d88c780c,3,35550082-a52d-4301-8f06-05b30f6f3616
fae3a36e-1707-441b-8ff8-7b6afeb278f6,2,e8b6528e-a830-4d03-a027-473b411c7f02
7148959b-5081-4702-83c5-d262cc357eae,2,be49171b-9f72-4fc9-bf7a-9a52e259836b
08cbcbdc-781b-434d-a70b-4955117596a1,3,c7050c3b-a898-424d-8d98-ab0aaad7bef4
96a0cf17-5d93-4476-b836-ec6c8c7a9b21,2,bb19d194-e1bd-4358-819e-cd1f1b401c0c
ac999da3-2fbb-40e8-94cc-30d61d765b07,1,e5ee99b6-519f-4218-8b41-62f48f59f700
484655dc-c294-4f4a-9ac4-de88a2e440e3,2,579f4cd0-1f45-49d2-af55-9ab2b72c3b35
2db8d59b-1470-4cd3-8be6-c96a82480240,3,05df0866-1a66-41d8-9ed7-e2bbcddd6a3d
8f024856-4bf8-4117-81ac-d61f62c91158,2,4cda01b9-62e2-46c5-830f-b7f262a58fb1
d99f88df-891d-4dc9-8750-aa77271a72d4,1,bb19d194-e1bd-4358-819e-cd1f1b401c0c
4c0ffd68-11fc-4dcd-b979-c910412a16bf,3,37e0062f-bd15-4c3e-b272-558a86d90598
87a0f788-bba9-40b9-8c39-7df9d4dece24,2,843b6553-dc6a-4fc4-bceb-02cd39af0168
b08fa5c7-cb20-415f-ad6d-e0dfd1a23c65,3,b86ae24b-6f59-47e8-8adc-b17d88cbd367
9dfcd309-494d-49bb-8e85-ad176efff081,3,615695d3-8ffd-4850-bcf7-944cf6d3685b
4aca1a9f-2fdc-49ce-8055-f178ffaff195,4,e18f33a6-b89a-4fbc-82ad-ccba5bb261cc
db7957ce-8b32-41bb-868f-c8e9cce8f1a3,3,843b6553-dc6a-4fc4-bceb-02cd39af0168
0e9b8ee9-ad0a-42f4-a778-e1dd3e6f6c51,3,64d39754-03e4-4fa0-b1ea-5f4293315f67
3332bd19-5807-4a5f-8894-8f1fee628adf,4,e706ab70-b396-4d30-a6b2-a1ccf3625b52
e24985f3-2fb3-456e-a1aa-aaf88f490d70,4,55c6a062-5f4a-4a8b-a8e5-05ea5e6715a3
b0d93ef1-d63c-4f47-b3d6-8c20ff25e4e2,4,689fb64e-a4a2-45c5-b9f2-480c2155624d
7db78274-d998-408b-9c97-83f22373c9ea,2,74aeb414-e3dd-4e8a-beef-0fa45225214d
2434b44d-0df9-4d54-99ad-e259cbf9efa6,4,e706ab70-b396-4d30-a6b2-a1ccf3625b52
3e28eae3-bfb3-4f56-aeea-5a8d8fd399d2,1,c7050c3b-a898-424d-8d98-ab0aaad7bef4
b3773cdd-b925-4eda-906c-57fa5d0e5a55,4,689fb64e-a4a2-45c5-b9f2-480c2155624d
098a1247-5524-4d73-8523-551582ba39f1,3,b66a7143-c18a-43bb-b5dc-06bb5d1d3160
4187e4d5-0629-4725-8ff5-1e88bf584dc2,2,fb0e8be7-5ac4-4a76-a1fa-2cc4bf0b2d80
3fb5a1fd-bf02-4ca0-bb26-4ff4c4a4af74,4,e706ab70-b396-4d30-a6b2-a1ccf3625b52
d99dab56-7aa3-4eca-869c-946bca5e6811,1,74aeb414-e3dd-4e8a-beef-0fa45225214d
eb047506-bf59-4d29-b134-6a9d80235f3f,3,b86ae24b-6f59-47e8-8adc-b17d88cbd367
19f1c3c5-3840-4d33-8d88-30fad93fa25e,1,58b575f2-2192-4a53-9d21-df9a0c14fc25
e3965ae6-8792-422f-bae0-ecbce4da50aa,3,74aeb414-e3dd-4e8a-beef-0fa45225214d
ec11cc26-50d8-47bd-8ed0-20587214ba7d,1,58b575f2-2192-4a53-9d21-df9a0c14fc25
97c51e08-8026-44cb-af4b-15f8011e4931,4,689fb64e-a4a2-45c5-b9f2-480c2155624d
6f89159f-8046-4bae-a680-34ca13c9d4fa,3,d3e228db-8ca5-42ad-bb0a-2148e876cc59
4f4b3ac9-1308-4115-b7d7-abe956e17565,2,c7050c3b-a898-424d-8d98-ab0aaad7bef4
fca7f7c7-e7cb-4207-b3c3-dcca5f4b633b,2,74aeb414-e3dd-4e8a-beef-0fa45225214d
23a3e7b2-abb0-4642-9291-4af619ae2d3c,2,c7050c3b-a898-424d-8d98-ab0aaad7bef4
d0cc9fd6-0ce6-42a4-a77e-fabb1b0962da,4,5ceddd13-cf00-481f-9285-8340ab95d06d
32bd64c8-5e08-472f-b41e-f8af1d345763,3,74aeb414-e3dd-4e8a-beef-0fa45225214d
333db7e3-aba5-4988-b61f-ced40037b5c8,3,4cda01b9-62e2-46c5-830f-b7f262a58fb1
69804412-006d-40a8-909a-d68710725db6,1,37e0062f-bd15-4c3e-b272-558a86d90598
a2c0226b-46d1-4100-9eff-f9d5b3255850,1,843b6553-dc6a-4fc4-bceb-02cd39af0168
8329a65b-7ddf-4250-aeee-bd625f8a401a,3,579f4cd0-1f45-49d2-af55-9ab2b72c3b35
fd47d88b-69d6-403b-bf53-b108819098f0,2,80eda933-749d-4fc6-91d5-613d29eb126f
2795df92-ee7d-4992-bab2-15dbb2b2ab36,2,74aeb414-e3dd-4e8a-beef-0fa45225214d
fc78eeaa-1ffc-480d-910d-02b487109fa8,1,e8b6528e-a830-4d03-a027-473b411c7f02
951d80a3-2947-4ec2-a5a4-c633662d25e9,1,be49171b-9f72-4fc9-bf7a-9a52e259836b
538284dd-13b3-44b9-94a6-28aeb4f04475,3,e2e78dfc-f25c-4fec-a002-8e280d61a2f2
3f0de386-c2df-4cfe-98c1-bd986fdbd4c2,1,e2e78dfc-f25c-4fec-a002-8e280d61a2f2
9f640f78-93eb-46d3-b4c8-41ef69b03d8b,1,615695d3-8ffd-4850-bcf7-944cf6d3685b
10408b83-26cc-4eb8-bd08-38435207099e,4,bb19d194-e1bd-4358-819e-cd1f1b401c0c
299145f7-2b7f-484d-9dde-cc20602ed5f5,1,bb19d194-e1bd-4358-819e-cd1f1b401c0c
c23de9da-73a2-437f-a2c2-bd257bc692c3,1,80eda933-749d-4fc6-91d5-613d29eb126f
3895ef3d-4e4f-4793-ba7f-66743b7a7d39,2,b66a7143-c18a-43bb-b5dc-06bb5d1d3160
cad92df1-0b1a-4827-a1fc-f20cece591dd,3,e18f33a6-b89a-4fbc-82ad-ccba5bb261cc
967f96c9-adcf-4304-9295-73a9766fe51f,1,05df0866-1a66-41d8-9ed7-e2bbcddd6a3d
1eb77dda-3387-4242-ba28-0b371ea785cf,2,c17e63f7-0d28-4a95-8248-b01ea354840e
fa41614e-38dc-4cfb-ade8-4ffb9d1fed72,3,615695d3-8ffd-4850-bcf7-944cf6d3685b
35b4cbc7-b92f-400f-b292-8494dbb23567,3,579f4cd0-1f45-49d2-af55-9ab2b72c3b35
f1236409-b5f6-4e40-961c-797b850e225b,1,843b6553-dc6a-4fc4-bceb-02cd39af0168
81617893-be66-4c1e-b73e-a71ece089732,3,b86ae24b-6f59-47e8-8adc-b17d88cbd367
e9891ca7-3306-4f75-93fd-c04b976f9641,4,be49171b-9f72-4fc9-bf7a-9a52e259836b
273c575f-a41c-428f-80b0-a97985793b00,4,d3e228db-8ca5-42ad-bb0a-2148e876cc59
7db78274-d998-408b-9c97-83f22373c9ea,3,58b575f2-2192-4a53-9d21-df9a0c14fc25
6be78159-b492-4440-8bcb-950297636c0f,4,e2e78dfc-f25c-4fec-a002-8e280d61a2f2
db90b250-70b2-44d1-b20c-4d795edd020c,4,fb0e8be7-5ac4-4a76-a1fa-2cc4bf0b2d80
fca7f7c7-e7cb-4207-b3c3-dcca5f4b633b,4,c17e63f7-0d28-4a95-8248-b01ea354840e
05202733-0e17-4726-97c2-0520c024ab85,4,6f3a3072-a24d-4d11-9cef-25b0b5f8a4af
867b34a7-c143-45ec-81db-705506a9578b,2,74aeb414-e3dd-4e8a-beef-0fa45225214d
f0f5f852-5c81-4f33-a415-15b660486918,3,a88a23ef-679c-4743-b151-dc7722040d8c
da8cbe31-46f8-4b5c-806a-11ba9c40df9a,4,a88a23ef-679c-4743-b151-dc7722040d8c
f5df9a3a-9a21-4648-a03f-bdaf633969e4,3,c7050c3b-a898-424d-8d98-ab0aaad7bef4
19c066e5-c505-4814-8e68-ac6ab2971a67,4,6f3a3072-a24d-4d11-9cef-25b0b5f8a4af
e03c0b27-dcb0-4b48-a36e-1c5f013d11d9,2,37e0062f-bd15-4c3e-b272-558a86d90598
906ac891-d7a7-4d50-b4c6-c982fae2fc2d,3,c7050c3b-a898-424d-8d98-ab0aaad7bef4
6056966f-4515-4b6c-b1a6-7f55ca774b78,3,55c6a062-5f4a-4a8b-a8e5-05ea5e6715a3
b2b891d1-56c5-4876-a24f-a7961b3e1b3b,4,b66a7143-c18a-43bb-b5dc-06bb5d1d3160
2973c405-100e-4ece-af7f-077783132b3c,2,e8b6528e-a830-4d03-a027-473b411c7f02
cb9cd4d2-3bce-4173-8303-62e581e91ac7,2,5ceddd13-cf00-481f-9285-8340ab95d06d
778f8864-d993-4118-b7d6-1ea836ec6791,4,615695d3-8ffd-4850-bcf7-944cf6d3685b
2a4ce69d-8db6-48d7-b48f-719d09b0b91f,3,c7050c3b-a898-424d-8d98-ab0aaad7bef4
0b0d8f13-ca94-4686-b3d3-68ae3aa4bad3,2,b86ae24b-6f59-47e8-8adc-b17d88cbd367
915a50e8-2ca3-434b-aacb-7d633ba1bef1,3,fb0e8be7-5ac4-4a76-a1fa-2cc4bf0b2d80
f61a095b-7537-4869-aeff-1433277fa898,1,35550082-a52d-4301-8f06-05b30f6f3616
92d3887f-6f9e-4e3f-85a8-3da52d46cd45,1,e706ab70-b396-4d30-a6b2-a1ccf3625b52
2ebd594f-3b44-4b66-87f0-5b2c321086d1,3,b66a7143-c18a-43bb-b5dc-06bb5d1d3160
a11ec73d-efcb-4918-be37-fa6f812d22de,3,c17e63f7-0d28-4a95-8248-b01ea354840e
bc247c35-1e4f-453a-af60-f14218a219b5,2,37e0062f-bd15-4c3e-b272-558a86d90598
adbf3aa7-d301-46ea-873a-d8bc0d84d285,1,5ceddd13-cf00-481f-9285-8340ab95d06d
0e9b8ee9-ad0a-42f4-a778-e1dd3e6f6c51,1,c17e63f7-0d28-4a95-8248-b01ea354840e
1e5fa971-3c0e-4ae8-b5bb-63d6176b82b2,2,58b575f2-2192-4a53-9d21-df9a0c14fc25
7f999c60-f004-4b75-8851-72498dfa47fc,2,e706ab70-b396-4d30-a6b2-a1ccf3625b52
bbb8264e-cb71-4967-8033-60d7a52ad2fc,1,b86ae24b-6f59-47e8-8adc-b17d88cbd367
f67806e3-1791-404d-a445-6467318f3a0d,3,fb0e8be7-5ac4-4a76-a1fa-2cc4bf0b2d80
15f26002-ee82-4855-a9d7-d55ff3f1a85b,4,bb19d194-e1bd-4358-819e-cd1f1b401c0c
2bfad5b6-b4ad-47e2-a316-8b7dc7fbc246,2,5b50b820-1d0a-4231-9422-75e7f6b0cecf
fe655286-6400-456f-ad0f-c61554d8988b,1,d3e228db-8ca5-42ad-bb0a-2148e876cc59
cfd3e3f3-2b77-4858-b3ed-683496b33cfa,3,d3e228db-8ca5-42ad-bb0a-2148e876cc59
7cbec68e-07c8-4476-86b4-90549db95454,1,fb0e8be7-5ac4-4a76-a1fa-2cc4bf0b2d80
608b352f-dc9d-4f97-bcd3-a6f0d9b567f4,4,be49171b-9f72-4fc9-bf7a-9a52e259836b
f7379c32-fa41-43e5-b979-26053b9a60a3,3,843b6553-dc6a-4fc4-bceb-02cd39af0168
d915aef6-3ddc-465a-a27d-e9a9f01eae18,2,c7050c3b-a898-424d-8d98-ab0aaad7bef4
682824be-efb5-4ff6-a61b-70342f7d7606,2,6f3a3072-a24d-4d11-9cef-25b0b5f8a4af
34d36019-85bf-4260-9b15-1ed4d4ae3ada,3,5ceddd13-cf00-481f-9285-8340ab95d06d
38c516e8-b23a-493a-8a5c-bf7b2b9ea995,3,74aeb414-e3dd-4e8a-beef-0fa45225214d
eddb6163-e96d-4f8f-98c6-76393a96dbbf,4,e2e78dfc-f25c-4fec-a002-8e280d61a2f2
da8cbe31-46f8-4b5c-806a-11ba9c40df9a,1,64d39754-03e4-4fa0-b1ea-5f4293315f67
f67806e3-1791-404d-a445-6467318f3a0d,2,5ceddd13-cf00-481f-9285-8340ab95d06d
4d1f5b81-0ccc-4204-a6c8-f78c74882ded,4,5ceddd13-cf00-481f-9285-8340ab95d06d
12c0a32d-2471-465f-9337-14b221af4fc3,2,e8b6528e-a830-4d03-a027-473b411c7f02
d01dd09a-42bf-4987-af15-960fda67b02a,2,e8b6528e-a830-4d03-a027-473b411c7f02
adfbf8f4-16df-4e8e-845c-1c1efa5f69d9,1,bb19d194-e1bd-4358-819e-cd1f1b401c0c
6056966f-4515-4b6c-b1a6-7f55ca774b78,4,c17e63f7-0d28-4a95-8248-b01ea354840e
373c221e-275c-41aa-a334-0b2d73171fa4,3,58b575f2-2192-4a53-9d21-df9a0c14fc25
e85b50e8-357e-45ff-8b8d-1890b9b7d0f0,4,35550082-a52d-4301-8f06-05b30f6f3616
4eae9c6e-4c96-430f-b103-21203c72064f,3,55c6a062-5f4a-4a8b-a8e5-05ea5e6715a3
