order_id,user_id,promo_id,address_id,created_at,order_cost,shipping_cost,order_total,tracking_id,shipping_service,estimated_delivery_at,delivered_at,status
8329a65b-7ddf-4250-aeee-bd625f8a401a,b3367c91-53bd-4aac-ab6d-0a596fe382c2,,d2fbe240-64ac-4feb-a360-8a9197f8b8ae,2021-02-11T23:30:34Z,551.9,5.16,557.06,1b2b3cff-dec1-47f6-a507-a64de9ddc663,ups,2021-02-12T23:30:34Z,2021-02-17T23:30:34Z,delivered
f3ab84e6-dec5-43b4-9aa7-45b9988bff58,5faf7aa9-ca1a-44b6-bc00-5954bc39cc91,,4a9bcc05-a07b-4507-9d42-a2325a4844fa,2021-02-11T15:13:09Z,121.0,2.72,123.72,02039212-f3fa-4bac-abf3-d2ea8365b837,usps,2021-02-16T15:13:09Z,2021-02-13T15:13:09Z,delivered
8385cfcd-2b3f-443a-a676-9756f7eb5404,96aa719e-c5a3-4645-ba89-16c304fb59b0,,1ceb9167-9852-45a7-8109-57b077d8a2e0,2021-02-11T02:19:17Z,205.5,1.44,206.94,,,,,preparing
55164b42-78d3-4c4e-9dd3-cce61b956403,aa2bd310-8be1-4b6c-a852-2789d8652ac7,,c8e06217-c625-471f-8cdc-88c3e39f6b2c,2021-02-11T23:35:14Z,45.0,8.07,53.07,23c92052-e262-45bf-86af-312cb12ac472,usps,2021-02-14T23:35:14Z,2021-02-15T23:35:14Z,delivered
e1ecd50e-033d-4d0c-bcff-137c2eb494dd,97fec509-ddfd-468b-8c39-ece964fdbcf1,,23f4d3fc-7192-44eb-a1c6-c3d93eed0a42,2021-02-11T07:08:04Z,150.0,3.18,153.18,5613e809-7492-416f-9b18-14d9371d2cb7,fedex,2021-02-16T07:08:04Z,,shipped
1747e0c2-2649-4b8b-8048-540425302a8f,e512189a-15a2-4325-b41d-6092f5c03bc9,,2c7bd191-c7c9-45d3-9dd0-612320bd9817,2021-02-10T10:35:38Z,562.9,6.11,569.01,fcf6a653-9018-4469-8b5f-4f0013accc40,ups,2021-02-13T10:35:38Z,2021-02-12T10:35:38Z,delivered
1eb77dda-3387-4242-ba28-0b371ea785cf,393de08c-725c-457a-a591-16030480eb80,,06dd400a-9d9e-48f3-9312-5a41f6038c8e,2021-02-10T15:22:56Z,373.85,3.23,377.08,6c36bdd9-d673-459b-932c-0a290b5a040c,fedex,2021-02-13T15:22:56Z,,shipped
529bcc4d-8fcc-42b5-b4c5-a0e2c8886686,f47ac0f5-2afa-4e71-8328-bd881947159b,,e6572a36-e4ae-4daa-8c05-692490c310a1,2021-02-10T07:33:27Z,82.0,6.37,88.37,063a7d43-ce96-4706-9be7-b92bea08910c,fedex,2021-02-11T07:33:27Z,2021-02-15T07:33:27Z,delivered
d0cc9fd6-0ce6-42a4-a77e-fabb1b0962da,7025daf6-54d9-44be-8282-7923def85169,instruction set,65ef7b5a-11db-4544-89a8-44e15f1a986f,2021-02-10T20:17:35Z,565.0,7.48,559.48,08880247-e7f5-4f27-afea-c2c78a285a08,ups,2021-02-12T20:17:35Z,2021-02-13T20:17:35Z,delivered
e24985f3-2fb3-456e-a1aa-aaf88f490d70,b9287f6c-c865-49bb-a3c9-da47bbdf3a90,,027e0a9d-2bb0-4247-8989-365339741a93,2021-02-11T10:11:14Z,256.25,7.94,264.19,,,,,preparing
96b4a784-2348-428c-bf1a-b1622c88d0d7,4136ab42-d31d-4f07-b3ef-6d63526b769b,,609af927-16f8-450a-ade4-1e06724e9feb,2021-02-11T14:47:12Z,121.9,7.71,129.61,12bc4385-869c-4533-8c05-47afbaec6e09,ups,2021-02-15T14:47:12Z,2021-02-13T14:47:12Z,delivered
5f078a73-bc4b-4231-9c91-144060234d49,c3a44de4-e6c8-4d02-93df-aff409356087,,d3dfe1e5-6826-49fe-9bfb-ef1022a20520,2021-02-10T15:11:37Z,206.0,4.85,210.85,e4f0bf93-4747-4e90-a3e3-fc3131895037,ups,2021-02-13T15:11:37Z,2021-02-13T15:11:37Z,delivered
2973c405-100e-4ece-af7f-077783132b3c,60bc96e0-dcf5-438d-8e11-7ab3f6ac6e96,,299ec70d-f1e7-4807-9d0e-6fd86e3ebcab,2021-02-10T04:30:24Z,254.0,7.63,261.63,bdff250d-3d01-49e9-a4cd-4ae18bed9cb5,dhl,2021-02-12T04:30:24Z,2021-02-11T04:30:24Z,delivered
01e059c6-9aee-4dfe-b5b5-8c403bb21a82,db41a6d4-70fc-43b1-82a5-393b46a2bdfa,Optional,9285957a-e1fd-4205-960e-f739a9c7dfd2,2021-02-10T12:51:19Z,45.75,9.72,38.47,b3dcd35d-2d18-4e48-b35f-57ddacbcb8d0,usps,2021-02-14T12:51:19Z,2021-02-11T12:51:19Z,delivered
38c516e8-b23a-493a-8a5c-bf7b2b9ea995,96ca8e55-2cbd-4c9b-9540-ff0ac6309797,Mandatory,0314fc1b-d832-4562-bda4-7dbe09d2868c,2021-02-11T16:11:14Z,213.85,8.88,202.73,,,,,preparing
40f5d51c-0a3c-481a-96e8-0784818e082d,6b116938-3785-4983-a5d7-33f6af32f0ba,,18e90fce-7517-42c3-bd20-7028608da7df,2021-02-10T17:47:04Z,191.75,5.31,197.06,9a9f20cc-e4f1-46d8-8fb3-96afc46d1824,fedex,2021-02-12T17:47:04Z,2021-02-11T17:47:04Z,delivered
19c066e5-c505-4814-8e68-ac6ab2971a67,d055abf7-ba8e-463b-975a-c5cb10f6d8eb,,cc3b5481-169f-4fa0-8818-8d8e728773cd,2021-02-11T10:25:50Z,441.0,2.52,443.52,49d89a2e-a177-42c8-95cf-37570edf5b08,ups,2021-02-14T10:25:50Z,2021-02-12T10:25:50Z,delivered
f5df9a3a-9a21-4648-a03f-bdaf633969e4,2f0a3789-41ac-4732-bf29-b3ea5f4ed831,,c1661061-176f-4e18-96a3-3ae16fdee80b,2021-02-11T04:49:17Z,398.05,4.92,402.97,fb2c538e-c110-47a1-9337-0a1a7687f922,ups,2021-02-13T04:49:17Z,2021-02-16T04:49:17Z,delivered
d1f27bac-ff50-489e-a5e0-12fd99fcf3e8,6f0c43cb-42af-45e0-83ae-f0ed3b4e2e8e,,7986bf80-2ce5-4fac-8e06-fc6db16dd2d9,2021-02-11T06:23:40Z,241.5,4.77,246.27,d9b38782-2b75-4fd7-9652-c6011b2e4fba,fedex,2021-02-16T06:23:40Z,2021-02-14T06:23:40Z,delivered
dbfaf983-63e8-4246-899b-f0689e54ea56,f47ac0f5-2afa-4e71-8328-bd881947159b,,aa61ded6-4588-48dd-9759-1bd36ec5d787,2021-02-11T20:21:38Z,325.0,6.92,331.92,1a0aed25-71fb-4596-85ef-c4790d2e3048,fedex,2021-02-12T20:21:38Z,2021-02-14T20:21:38Z,delivered
f5e96989-b540-486f-bb13-1f4297c194bd,e3302139-c0ba-4715-9c35-68dde8347b56,,4983fb6f-b53f-4022-95ca-d17eb4974093,2021-02-11T10:22:46Z,367.0,2.27,369.27,99870825-fa59-4d25-98ba-4fbe0d26e08f,fedex,,2021-02-14T10:22:46Z,delivered
4eae9c6e-4c96-430f-b103-21203c72064f,707a74bd-593f-4bdc-85e3-b8ff6b538399,,aa61ded6-4588-48dd-9759-1bd36ec5d787,2021-02-11T15:50:51Z,135.0,8.55,143.55,18189a49-83c4-4afc-8e5c-d5d376c6c52b,ups,2021-02-14T15:50:51Z,2021-02-13T15:50:51Z,delivered
38893be1-b3c0-4460-ab69-f83f6ac95c6a,bbe518c7-5ea8-444e-acef-6c18be8336bc,,27b514cc-7ff4-4451-b1ba-27bb2f5011c8,2021-02-11T11:00:59Z,196.5,2.28,198.78,bd2aaf67-98f8-42e3-9558-560974400f0b,usps,2021-02-12T11:00:59Z,,shipped
b2b891d1-56c5-4876-a24f-a7961b3e1b3b,20e2eaa5-e8b9-4675-bc3b-11c048b060d9,,48ee18eb-8ee7-4cd7-819b-a9c65184e4ac,2021-02-11T14:53:52Z,145.75,7.49,153.24,35b3fc7e-8cac-4760-8bc5-f980f9b6377f,usps,2021-02-15T14:53:52Z,,shipped
45319e78-6d23-4728-a135-75dbda6bde49,7193aa74-ca9f-4769-b290-a817bd2e4266,,632eadda-3e81-492c-8108-d5982aeac84d,2021-02-11T11:00:45Z,100.75,6.95,107.7,901004b6-66a9-4c77-9aea-364d28211e36,usps,2021-02-12T11:00:45Z,2021-02-12T11:00:45Z,delivered
a11ec73d-efcb-4918-be37-fa6f812d22de,96aa719e-c5a3-4645-ba89-16c304fb59b0,,bc355137-f7dd-4461-83d3-f288994d450a,2021-02-10T19:10:46Z,726.75,7.28,734.03,6904e80a-7ac3-47c9-80ae-79f1e0e7401f,ups,2021-02-15T19:10:46Z,2021-02-16T19:10:46Z,delivered
0ec01f36-fc49-456b-8ca5-7a7d5ea50df5,c42fc8e5-9ab6-4fbf-84bf-40ff309bf24c,,d0042646-63e0-434e-874c-aec1d434f2df,2021-02-10T06:45:40Z,45.5,8.89,54.39,732d71e6-3811-4867-a00f-2058c0d148cd,ups,,2021-02-11T06:45:40Z,delivered
e2b27601-37f6-413d-9377-ed9a3a8a5ac8,6cf2751f-d815-4fbc-b04a-245c1301574c,,2466034c-a22b-4b0e-95af-2d34160779bc,2021-02-11T22:55:16Z,35.5,6.03,41.53,ef8a13fe-99e5-41ca-9f49-04b04f796895,ups,2021-02-14T22:55:16Z,2021-02-13T22:55:16Z,delivered
8899a38e-2c99-46ea-adb4-526c3a1fac38,467a047e-c8df-4304-8fc9-949acd7bcf4a,,5eadcadd-a524-443f-8fcb-d0ef1981da0a,2021-02-11T14:56:45Z,161.5,9.21,170.71,069d4b43-4d46-4c5c-88a0-04f8841117ec,ups,2021-02-16T14:56:45Z,2021-02-14T14:56:45Z,delivered
bb219a8e-f747-4cc5-ac19-9f505baed9ff,6b116938-3785-4983-a5d7-33f6af32f0ba,,6b49d7c6-6ede-4a8a-ade1-ec5888c7ce14,2021-02-10T06:06:56Z,358.0,4.73,362.73,859c2d79-309b-4fc5-8133-78a0b2787950,ups,2021-02-12T06:06:56Z,2021-02-13T06:06:56Z,delivered
0ac61965-6392-4fe3-bb4f-292438c37de0,78fe6452-8a56-4226-ae22-f372116b12ff,,1d3482c6-e56b-47df-91f8-4b32bc908b2b,2021-02-11T07:45:00Z,372.75,4.92,377.67,0c59fc80-862a-418a-ac64-93093d8edea8,ups,2021-02-15T07:45:00Z,2021-02-17T07:45:00Z,delivered
03232fbc-033a-4ba9-b0d7-195b987682ef,2f0a3789-41ac-4732-bf29-b3ea5f4ed831,,632eadda-3e81-492c-8108-d5982aeac84d,2021-02-10T01:30:52Z,342.0,5.83,347.83,824da197-861b-4e3f-be1a-3abad6af5eb7,ups,2021-02-15T01:30:52Z,2021-02-17T01:30:52Z,delivered
4650242f-8513-49dd-b2e8-4df3c388fd22,48ebf150-7cb7-4358-a5ef-1a2b0aa831b9,,56078786-b8da-47a0-8a7c-befda74f8cd8,2021-02-11T18:43:30Z,457.0,1.58,458.58,989f31d6-d932-494a-9ec6-233b66f3756a,ups,2021-02-13T18:43:30Z,2021-02-14T18:43:30Z,delivered
cfd3e3f3-2b77-4858-b3ed-683496b33cfa,aa2bd310-8be1-4b6c-a852-2789d8652ac7,,d0042646-63e0-434e-874c-aec1d434f2df,2021-02-11T13:48:32Z,91.5,2.97,94.47,24b536c6-d20c-4c56-b20d-bf30b2285a82,fedex,2021-02-12T13:48:32Z,2021-02-16T13:48:32Z,delivered
19f1c3c5-3840-4d33-8d88-30fad93fa25e,707a74bd-593f-4bdc-85e3-b8ff6b538399,leverage,b8f77f86-d46a-412a-9dce-7b458a34618d,2021-02-11T06:14:33Z,160.25,3.72,153.97,870fae93-822b-4b4a-b4ad-923fe2684c03,fedex,2021-02-14T06:14:33Z,2021-02-14T06:14:33Z,delivered
4187e4d5-0629-4725-8ff5-1e88bf584dc2,c4706c3b-a72a-4a8e-8a54-55c6b0238f86,,42e017a2-ca97-4f71-bf3c-d32605ef9d43,2021-02-11T13:24:29Z,482.75,3.97,486.72,5e1a9911-135c-4224-97e1-dd160833794e,ups,2021-02-16T13:24:29Z,2021-02-13T13:24:29Z,delivered
5f994f7e-2e13-4720-99ed-cfbdcdfd6e2a,5555f2b6-d408-419f-aa60-22c0f0440f50,leverage,25caf41f-ca5a-4cbb-bc2c-b5d9fcebe66b,2021-02-10T04:51:03Z,228.6,8.65,227.25,f1e5ee01-bd53-49da-b285-79aea19ec95e,ups,2021-02-13T04:51:03Z,2021-02-16T04:51:03Z,delivered
484655dc-c294-4f4a-9ac4-de88a2e440e3,1690815f-a96f-4f41-af89-bde6e90ad560,,2aaf2e91-8735-4def-82ca-31dce98ff634,2021-02-11T14:09:11Z,343.25,6.87,350.12,a67ee95f-0f4c-4ab9-84ca-0d77dc8adf13,ups,2021-02-13T14:09:11Z,2021-02-14T14:09:11Z,delivered
e86dab74-f840-482c-b833-0e60b4e58a27,bf7367be-d029-4255-81a1-3a295eeb9c56,,2c7bd191-c7c9-45d3-9dd0-612320bd9817,2021-02-11T23:49:14Z,165.0,7.52,172.52,8fc43e60-b2db-4d6b-aa14-5f654884b4d0,dhl,2021-02-12T23:49:14Z,2021-02-17T23:49:14Z,delivered
608b352f-dc9d-4f97-bcd3-a6f0d9b567f4,79bdfd27-a0a7-4e4f-9d75-0c12c72ce7f1,,131db634-55f8-4fb6-98f3-624ec32a94b8,2021-02-10T01:56:15Z,203.0,5.76,208.76,52056c0d-c476-43e4-be74-d4bc28c48b3b,ups,2021-02-11T01:56:15Z,2021-02-16T01:56:15Z,delivered
f41a7205-5a93-4d93-8988-ad1ee619ae2a,393de08c-725c-457a-a591-16030480eb80,,b77fd02e-2ad1-4235-8ea9-d9ea509d9c04,2021-02-11T09:26:20Z,15.0,5.22,20.22,63b705e6-ef0b-45ff-a7ad-64549a3bff9d,ups,2021-02-13T09:26:20Z,2021-02-17T09:26:20Z,delivered
630bc8fb-239e-49e8-9911-90f5ee5637c6,4d3c9f53-0667-4a80-8259-12200fe75761,leverage,63fdd7ef-51f3-49e2-bdf2-22d46f68aacf,2021-02-10T00:06:54Z,203.0,8.71,201.71,b794e761-fa97-461b-aa7b-b2d9b5c96de8,ups,2021-02-11T00:06:54Z,2021-02-17T00:06:54Z,delivered
431ed9a0-8475-4928-a7b2-81db3f1a2dea,8af678e5-c051-4ca2-88f3-4c903d77a3f6,,28d7931e-b044-49f6-ac58-fabf1151055a,2021-02-11T08:07:21Z,120.5,2.32,122.82,12993296-fe5f-426b-9b3b-b256e0bfdd33,usps,2021-02-12T08:07:21Z,2021-02-16T08:07:21Z,delivered
682824be-efb5-4ff6-a61b-70342f7d7606,f47ac0f5-2afa-4e71-8328-bd881947159b,leverage,4747877b-fb7d-4ec1-b42d-6b8f8707c984,2021-02-10T12:28:15Z,270.5,6.25,266.75,425c0e55-9655-4e31-86a9-6c3cc1584ebb,ups,2021-02-13T12:28:15Z,2021-02-11T12:28:15Z,delivered
5741e351-3124-4de7-9dff-01a448e7dfd4,bbe518c7-5ea8-444e-acef-6c18be8336bc,,f2dfb1e6-43bf-49ac-8d17-e1498079e08b,2021-02-11T18:11:14Z,462.0,8.05,470.05,,,,,preparing
fae3a36e-1707-441b-8ff8-7b6afeb278f6,58367695-0c22-415d-9704-bd8f73bb2e8f,,de7f84bd-9386-41a6-8dd0-cbafd5b58945,2021-02-11T20:15:37Z,431.0,6.35,437.35,07401235-5b6e-4b55-89e8-7f267358145f,ups,2021-02-16T20:15:37Z,2021-02-12T20:15:37Z,delivered
12c0a32d-2471-465f-9337-14b221af4fc3,bbe518c7-5ea8-444e-acef-6c18be8336bc,,89f9c593-3ac8-4f50-ab01-01b4a2e27eaa,2021-02-10T04:29:17Z,96.75,7.68,104.43,d5d92e88-1640-42f5-9617-411774869eff,fedex,2021-02-12T04:29:17Z,2021-02-14T04:29:17Z,delivered
cf9e7988-a925-4015-baf3-7a0f9e494291,63b87683-1c30-49e0-86f0-54d00b32052f,,131db634-55f8-4fb6-98f3-624ec32a94b8,2021-02-11T08:30:24Z,100.5,2.54,103.04,f43d4579-0753-406e-b5ad-e8f211529b93,ups,2021-02-15T08:30:24Z,2021-02-16T08:30:24Z,delivered
adbf3aa7-d301-46ea-873a-d8bc0d84d285,376bc5b4-cb91-4fa3-9083-7dd7f1caa872,,02331e89-1736-4f12-85b9-ddd62545214b,2021-02-10T23:45:52Z,70.0,6.72,76.72,4f0b2205-72ce-4c12-820f-88ffc4aad8c5,usps,2021-02-15T23:45:52Z,2021-02-16T23:45:52Z,delivered
e4926154-3efe-4c30-860a-5cbb7f97490b,e512189a-15a2-4325-b41d-6092f5c03bc9,,a96cbe83-ad12-4457-af40-1b5b5f373937,2021-02-11T12:20:49Z,196.9,3.82,200.72,d10945a2-8d96-4494-b8a4-8fcba7e55763,fedex,2021-02-13T12:20:49Z,2021-02-13T12:20:49Z,delivered
bff70480-5298-4218-8cac-4f825b082bf5,525d85ad-6277-4500-9701-9afbf9785ad3,,3a286955-76c1-4b50-b5fc-61e4e4e3be4d,2021-02-11T07:28:06Z,411.95,1.28,413.23,b21831e8-d37e-4246-a200-f64d58da375d,fedex,2021-02-13T07:28:06Z,2021-02-18T07:28:06Z,delivered
0b43de27-5e08-4c20-a21d-44e786835265,4d3c9f53-0667-4a80-8259-12200fe75761,,a81e134c-8135-44ab-bda4-66b29e5175ca,2021-02-11T23:11:42Z,152.25,6.26,158.51,44349fc6-f978-4b75-8dbf-4e1f45dc21a6,ups,2021-02-13T23:11:42Z,2021-02-12T23:11:42Z,delivered
6f89159f-8046-4bae-a680-34ca13c9d4fa,6f0c43cb-42af-45e0-83ae-f0ed3b4e2e8e,,3a286955-76c1-4b50-b5fc-61e4e4e3be4d,2021-02-11T13:20:59Z,565.0,6.35,571.35,c883c90e-8e4b-4aca-a393-a1380136d86b,usps,2021-02-16T13:20:59Z,2021-02-17T13:20:59Z,delivered
e85b50e8-357e-45ff-8b8d-1890b9b7d0f0,9cfa05e2-606b-4080-8bac-96e3986f1704,,53983579-4a64-432a-941e-c3d9c886bd77,2021-02-10T09:11:47Z,205.3,5.69,210.99,080d8966-d058-4476-921e-19ee95bbd681,ups,2021-02-12T09:11:47Z,2021-02-14T09:11:47Z,delivered
08a14677-500a-4814-a60a-d83c3f6a8a37,2a6f290c-40f8-4705-89d9-e8aeb6a4fa7b,,280bb1a8-d59e-4ada-b479-a4d47163130e,2021-02-10T13:22:13Z,457.0,7.06,464.06,45273ecc-4321-4063-bc7c-786ea0f57634,ups,2021-02-13T13:22:13Z,2021-02-13T13:22:13Z,delivered
7d0f805e-b354-4c27-b55d-310e49d06e4e,48fd8fef-ef87-4609-aac6-a8495b2feb50,,1d3482c6-e56b-47df-91f8-4b32bc908b2b,2021-02-10T17:49:57Z,288.75,5.44,294.19,2270a0a4-e44c-4e18-a441-7dd943e06c30,fedex,2021-02-11T17:49:57Z,2021-02-12T17:49:57Z,delivered
1ee4b2c1-1928-49aa-8552-88d946853143,baaf00b6-da56-44af-8c70-97269472e6f3,,957af504-cee3-4f3a-8f5a-eb5a5bd23b16,2021-02-11T14:14:49Z,101.5,1.62,103.12,4b157d74-dbe5-4648-ae86-591ce856e0b4,usps,2021-02-15T14:14:49Z,2021-02-18T14:14:49Z,delivered
71eb1669-8706-4ef4-8a4c-0def78871dc4,1550e197-9073-408e-a1ca-08f9dbac7f7a,,e21cfbf8-4b71-4028-a00f-83d79b8d1745,2021-02-10T17:25:21Z,150.75,2.83,153.58,3927cfbf-0cb1-4dac-a73c-e627d740c94d,fedex,2021-02-15T17:25:21Z,2021-02-16T17:25:21Z,delivered
c57a3e41-2e01-4529-a904-054657859dd7,c42fc8e5-9ab6-4fbf-84bf-40ff309bf24c,,dc7345f9-9c6b-45d5-a633-a07a4a355104,2021-02-11T15:02:07Z,273.9,5.89,279.79,aeca343b-0aaf-46e5-ace5-df8cffa319e7,fedex,2021-02-12T15:02:07Z,2021-02-13T15:02:07Z,delivered
d1020671-7cdf-493c-b008-c48535415611,1df78ad9-9493-4ce9-b1ad-776f26650417,,48ee18eb-8ee7-4cd7-819b-a9c65184e4ac,2021-02-11T04:51:15Z,161.0,6.55,167.55,,,,,preparing
c5a71045-9dfe-4345-8021-200a01481367,6875a4d9-cdc6-43bc-a700-f6916e049e46,Optional,d3dfe1e5-6826-49fe-9bfb-ef1022a20520,2021-02-11T23:48:34Z,15.25,3.64,1.89,c9c63e8d-2ee7-41c3-bd5d-1f7f27c3c7a1,fedex,2021-02-12T23:48:34Z,,shipped
8a7d1bfe-b9b2-4aae-9455-9533214ce43e,c0f02267-3aca-4878-a0f9-3fe516f9ec17,,63fdd7ef-51f3-49e2-bdf2-22d46f68aacf,2021-02-10T10:26:05Z,389.35,6.91,396.26,7fd3a2f2-3189-4c82-85e4-71b38c4d8f6a,fedex,2021-02-11T10:26:05Z,2021-02-15T10:26:05Z,delivered
eb047506-bf59-4d29-b134-6a9d80235f3f,58367695-0c22-415d-9704-bd8f73bb2e8f,,96a40097-0030-4509-bb52-b3251fdef2b6,2021-02-11T18:46:38Z,236.25,4.26,240.51,4c0cd4a4-47c0-423b-aa63-85281d7fda2b,fedex,2021-02-13T18:46:38Z,2021-02-15T18:46:38Z,delivered
915a50e8-2ca3-434b-aacb-7d633ba1bef1,ee92f1cf-3bcf-4cea-a8d4-ac5ce812de46,,b5d85492-b403-4f52-a42b-4363716f4cfb,2021-02-11T23:34:16Z,256.75,4.92,261.67,74a4ffcc-ecc8-4a79-abd1-71e870a4f54d,ups,2021-02-16T23:34:16Z,2021-02-13T23:34:16Z,delivered
ef4b32fb-3859-441a-a4cc-1ca197f78aeb,30a46555-66f8-4dd3-946f-dacc9bd6d0c2,,6d31baf0-1ecd-42e0-b32f-645d084c3109,2021-02-10T01:58:09Z,71.5,2.92,74.42,b350fe12-c39e-4cb3-abd8-dc38887a796a,ups,,2021-02-12T01:58:09Z,delivered
8b006054-ad90-49c4-9685-2adabaf29fcc,b6b40cce-8d02-4fe5-8bee-5eadbcb56a01,,2ccdea45-e41c-4845-8252-50c2f568e0db,2021-02-10T01:25:20Z,95.5,9.71,105.21,f630f43b-b95a-497d-9c12-8c2dabe67d5a,fedex,2021-02-11T01:25:20Z,2021-02-12T01:25:20Z,delivered
7456d2d4-95f8-4725-bcd3-78ec79467149,d1f08820-32e6-4a31-abba-5aa533bc15a9,,df4fbdd5-d7f9-4711-b1b6-2517808df91a,2021-02-11T16:56:50Z,15.0,2.81,17.81,d06d904b-8fd6-4c6a-800d-22cd37f162d5,ups,2021-02-14T16:56:50Z,2021-02-17T16:56:50Z,delivered
e60286de-ae1c-4427-8b3c-3f019e93ac7a,2816d806-e7b2-4721-a197-a60bd3082f35,,e40b6557-536e-478e-a405-eed9959aa9f7,2021-02-10T00:05:59Z,162.0,5.27,167.27,2f77808e-dc8d-4be0-9d71-3b3143e94c27,fedex,2021-02-12T00:05:59Z,2021-02-17T00:05:59Z,delivered
095cd54c-8568-4245-9d7a-9c2f79c6a19e,edbbae4b-6354-4a0b-9d43-d74c3f67b5de,leverage,609af927-16f8-450a-ade4-1e06724e9feb,2021-02-10T21:34:59Z,30.5,6.7,27.2,4b80bdbc-8aa1-45ec-a2b0-9dac783ab978,usps,2021-02-15T21:34:59Z,2021-02-16T21:34:59Z,delivered
b10167f6-1753-4208-b79b-cba9ace4b6be,51d453ca-8147-49eb-a874-8139855727e7,,dd1048ba-46a5-4d80-a7e1-b1592c161a4c,2021-02-11T21:01:26Z,271.0,4.62,275.62,770428a5-36ec-4319-aa34-d6064e31a777,ups,2021-02-12T21:01:26Z,2021-02-14T21:01:26Z,delivered
b7e548f6-8f59-4552-8577-e0b895c858b4,02414bff-285d-4008-9352-ad50839b729f,,4747877b-fb7d-4ec1-b42d-6b8f8707c984,2021-02-10T10:15:40Z,85.0,3.36,88.36,eb73ab98-588d-44af-8a0e-02af97f31661,ups,2021-02-12T10:15:40Z,2021-02-14T10:15:40Z,delivered
aafb9fbd-56e1-4dcc-b6b2-a3fd91381bb6,e879df28-ff9c-4900-b99c-c769ec349316,,959fc946-4baf-457f-8290-2a7d0e7fc3f7,2021-02-11T11:44:42Z,45.0,5.13,50.13,,,,,preparing
7cbec68e-07c8-4476-86b4-90549db95454,d055abf7-ba8e-463b-975a-c5cb10f6d8eb,,8b7e7226-a1e0-4fbf-a0a9-60c38d3e3347,2021-02-10T01:52:22Z,561.5,2.92,564.42,5108cc8a-e99c-445e-adc2-10298c053c1a,fedex,2021-02-13T01:52:22Z,2021-02-15T01:52:22Z,delivered
f61a095b-7537-4869-aeff-1433277fa898,62c29c95-e8ec-4b77-a7fa-550820017bff,,4983fb6f-b53f-4022-95ca-d17eb4974093,2021-02-11T01:00:11Z,305.5,8.82,314.32,ccb866e8-95b3-4894-9cd4-d5db65c3cd16,dhl,2021-02-14T01:00:11Z,2021-02-16T01:00:11Z,delivered
09853043-de2b-4ab4-a47a-4cb90a13a27e,d78268b1-7168-49f4-8f6f-db436afb5a6f,,24b83ef4-4f28-408a-bea9-171ddaf094a7,2021-02-11T10:12:41Z,60.5,3.76,64.26,b611857e-7414-4621-b487-619b0d5a2436,fedex,2021-02-14T10:12:41Z,2021-02-12T10:12:41Z,delivered
ac999da3-2fbb-40e8-94cc-30d61d765b07,ac8cea7f-30b1-498d-8baa-d5ea2b32d138,,be19b416-2a93-4ad7-8fdd-f0ae8f4eec2a,2021-02-11T10:50:00Z,418.0,4.64,422.64,8d909da1-b5b5-4245-abb1-a387b98d649b,ups,2021-02-16T10:50:00Z,2021-02-18T10:50:00Z,delivered
e2510e94-b61f-4d8f-bf5f-7c13f609f272,dc41b3dc-c270-46ce-a7b7-1f27c178765c,,4983fb6f-b53f-4022-95ca-d17eb4974093,2021-02-10T23:57:07Z,605.3,9.97,615.27,9935815e-8420-436b-ac7d-87294e2b5d41,ups,2021-02-15T23:57:07Z,2021-02-16T23:57:07Z,delivered
0a5be7a1-f4b1-4833-b4fa-72a9276c63bf,9cfa05e2-606b-4080-8bac-96e3986f1704,,be19b416-2a93-4ad7-8fdd-f0ae8f4eec2a,2021-02-10T19:19:53Z,123.8,4.98,128.78,591e0d3a-b935-4d5c-bf31-e6a2cb75f103,ups,2021-02-12T19:19:53Z,2021-02-14T19:19:53Z,delivered
1559d243-a71a-4568-ac1b-a6175099e006,6cf2751f-d815-4fbc-b04a-245c1301574c,,302bfd3c-795c-4eef-b1e7-627897f6861e,2021-02-10T03:22:09Z,122.0,6.67,128.67,e88410ac-0042-4305-9661-bf63b17236b0,usps,2021-02-15T03:22:09Z,2021-02-17T03:22:09Z,delivered
0b926971-0595-47de-a881-26c82d880ed4,f36630d8-e3d9-4e23-acc0-ffd86e661c26,,edd6e563-bce1-4c84-859d-31cae681f40b,2021-02-10T12:42:49Z,296.0,5.71,301.71,90ab8662-a7d0-4b2f-aaa4-3c8c1eefb772,ups,,2021-02-17T12:42:49Z,delivered
e4132e2f-e65c-407f-87f1-27c416702bf2,1e06f0d8-776e-4309-92ec-f9f54d1d1679,,994b670f-e529-4a97-9826-448f7f9fbf80,2021-02-11T02:54:39Z,30.0,9.55,39.55,727ad67d-8713-4771-80e6-8146ec975ff2,ups,2021-02-14T02:54:39Z,2021-02-14T02:54:39Z,delivered
fafde59f-fc4a-4d5f-865e-ff13c8ab6d06,c4f8645d-471d-4c3b-aa5c-dd2f30115669,,ff8d0181-f21e-4235-bf7c-e5f917c6b55f,2021-02-10T14:33:34Z,202.0,4.75,206.75,b0867a83-05d3-4288-8975-f23617c27aa9,ups,2021-02-12T14:33:34Z,2021-02-17T14:33:34Z,delivered
497e5ef8-5bf6-424c-9d05-f5a467c2d23a,5de439eb-6bc7-4fc2-ba0e-a3bf8a286d63,,28d7931e-b044-49f6-ac58-fabf1151055a,2021-02-10T16:55:52Z,186.5,8.35,194.85,51e132a1-3045-4648-bb6e-fa56c4dbcc76,ups,,2021-02-17T16:55:52Z,delivered
fa41614e-38dc-4cfb-ade8-4ffb9d1fed72,c4f8645d-471d-4c3b-aa5c-dd2f30115669,,2ccdea45-e41c-4845-8252-50c2f568e0db,2021-02-10T14:17:38Z,410.75,8.28,419.03,60418ca5-9737-4e16-a7c2-286ad5ab5665,usps,2021-02-12T14:17:38Z,2021-02-16T14:17:38Z,delivered
e2281b91-8575-4da9-9a3a-ab0f19ec584e,d165b2ff-dfe1-40d0-bda0-a25e82b95870,,2b514c51-d01b-4d26-be99-4a1fa99bf322,2021-02-10T18:39:59Z,30.0,7.37,37.37,0007698e-0b78-469e-a761-4cfeebd10067,ups,2021-02-13T18:39:59Z,2021-02-14T18:39:59Z,delivered
c20d15c3-b463-49d9-a114-905c83bbf357,85362f90-0066-4b3b-b0d5-2e919acda80d,instruction set,71aa45c1-ce05-43b5-a52a-6145ab435c69,2021-02-10T00:46:35Z,240.5,5.4,232.9,70360c85-b89d-4333-8066-26cdda56a9af,fedex,2021-02-14T00:46:35Z,2021-02-16T00:46:35Z,delivered
a7cf9a95-2f89-4c41-bc7d-1ba891946f76,17c49262-1f0c-46d1-a6ba-bacc19f08a86,,609af927-16f8-450a-ade4-1e06724e9feb,2021-02-10T09:59:41Z,122.0,3.96,125.96,a6e167c5-3924-4b71-89d5-fe46145c27b2,usps,2021-02-14T09:59:41Z,2021-02-15T09:59:41Z,delivered
5b3044cb-20cd-4a2c-9226-c3d24d488557,7193aa74-ca9f-4769-b290-a817bd2e4266,,1ceb9167-9852-45a7-8109-57b077d8a2e0,2021-02-11T02:46:22Z,342.0,8.52,350.52,e0ff8be9-55cb-47de-a5f3-a260571b837c,fedex,2021-02-12T02:46:22Z,2021-02-17T02:46:22Z,delivered
265f9aae-561a-4232-a78a-7052466e46b7,5555f2b6-d408-419f-aa60-22c0f0440f50,,4d9d28c3-6e38-48e7-9960-f244a3e72d9d,2021-02-11T05:06:33Z,167.4,1.18,168.58,,,,,preparing
d915aef6-3ddc-465a-a27d-e9a9f01eae18,19ac513f-b77e-4808-ade4-284ece721d91,,fc458964-6e05-46e7-8717-c8c7798e78aa,2021-02-10T00:24:21Z,101.5,2.19,103.69,301a8e99-cfec-41c9-9964-866645a10078,ups,2021-02-13T00:24:21Z,2021-02-17T00:24:21Z,delivered
af1c67f7-bbde-4f2f-99d0-2e19242141c2,e0d9d6a2-d95a-4c56-b2df-654eca4d3bae,,23f4d3fc-7192-44eb-a1c6-c3d93eed0a42,2021-02-11T22:51:46Z,121.0,1.97,122.97,6729514d-0b66-4440-8092-ba22fae0d5d4,usps,2021-02-13T22:51:46Z,2021-02-15T22:51:46Z,delivered
e42ba9a9-986a-4f00-8dd2-5cf8462c74ea,60bc96e0-dcf5-438d-8e11-7ab3f6ac6e96,,fb0c8410-558a-4a65-bc50-6f82c32c7d1a,2021-02-11T10:11:14Z,246.0,7.88,253.88,,,,,preparing
191f7ddb-6fac-4ced-905c-307b6b8a1f29,5faf7aa9-ca1a-44b6-bc00-5954bc39cc91,,a6dd4d60-8756-4967-8dd6-e7deaa538bc6,2021-02-10T04:25:15Z,105.75,4.65,110.4,528a581e-8b45-4070-9359-8a9ed56f2f90,fedex,2021-02-14T04:25:15Z,2021-02-16T04:25:15Z,delivered
bd1b29ee-5f35-4a9f-94a5-9faaae412e12,4340de09-99b5-451b-ada3-168228a08cf9,Mandatory,d7f05c8c-d055-481f-a427-77aded0fd4ce,2021-02-10T22:18:42Z,445.55,6.83,432.38,98aea485-2e9f-4f8f-a067-3d3be6ee55e3,ups,2021-02-15T22:18:42Z,2021-02-11T22:18:42Z,delivered
76198fb9-1fa6-4fe6-9053-1cbad61c4730,eb8ac155-9558-47a2-ad5d-3a2518ec563c,,abf50534-9e5b-4e95-9548-2008505f40a2,2021-02-11T03:56:47Z,241.5,5.1,246.6,6cf159eb-799c-4b74-8896-675d12f72750,ups,2021-02-15T03:56:47Z,2021-02-16T03:56:47Z,delivered
b4eec587-6bca-4b2a-b3d3-ef2db72c4a4f,393de08c-725c-457a-a591-16030480eb80,Digitized,b77fd02e-2ad1-4235-8ea9-d9ea509d9c04,2021-02-11T12:10:50Z,116.5,6.22,111.72,,,,,preparing
f6b6807a-864d-4fed-b22d-3f2638f21b74,85362f90-0066-4b3b-b0d5-2e919acda80d,,3a286955-76c1-4b50-b5fc-61e4e4e3be4d,2021-02-10T08:19:35Z,61.9,1.26,63.16,2d812246-7139-4437-a0a8-6dbc7b172dbb,ups,2021-02-12T08:19:35Z,2021-02-16T08:19:35Z,delivered
5b13b820-a450-42d2-aaaa-a8a9c5fbd48c,db41a6d4-70fc-43b1-82a5-393b46a2bdfa,,9b6a4ed6-6c27-4102-8d5f-5db7435e80ee,2021-02-10T20:45:48Z,90.75,4.83,95.58,582632b4-2889-469a-a417-4342889c7552,ups,2021-02-12T20:45:48Z,2021-02-16T20:45:48Z,delivered
55288bb6-9a28-483f-a005-ceef70079c72,6d37adeb-4c53-4167-b170-c89e4bd1764a,,e6572a36-e4ae-4daa-8c05-692490c310a1,2021-02-11T10:47:31Z,15.0,9.98,24.98,7f8207cf-2db6-485c-90b7-bcbedb8c4fbd,usps,2021-02-14T10:47:31Z,2021-02-18T10:47:31Z,delivered
cc2bd924-fb17-408c-93b5-cc01cf8e9ef0,b6b40cce-8d02-4fe5-8bee-5eadbcb56a01,,e71bd22e-7711-405f-9d7e-2a7824d68a6a,2021-02-11T15:31:40Z,244.55,6.73,251.28,6b427193-762c-4768-9d9d-ae3f4a02933b,usps,2021-02-12T15:31:40Z,2021-02-16T15:31:40Z,delivered
db7957ce-8b32-41bb-868f-c8e9cce8f1a3,d055abf7-ba8e-463b-975a-c5cb10f6d8eb,,abf50534-9e5b-4e95-9548-2008505f40a2,2021-02-11T04:20:00Z,221.75,3.89,225.64,2f3a45b8-b856-4228-91f8-7bbeaad4dcd5,ups,2021-02-13T04:20:00Z,2021-02-17T04:20:00Z,delivered
06b914dd-d6fc-44ea-a52e-10eadebb5183,58367695-0c22-415d-9704-bd8f73bb2e8f,,131db634-55f8-4fb6-98f3-624ec32a94b8,2021-02-10T17:29:55Z,95.0,7.5,102.5,3330f149-af55-4680-a2c6-35501df5687b,ups,2021-02-13T17:29:55Z,2021-02-15T17:29:55Z,delivered
67ae065f-0e88-4dcd-bf78-95f5f4613c69,0babae9e-2656-4dcb-b454-47d88d47c920,instruction set,abf50534-9e5b-4e95-9548-2008505f40a2,2021-02-11T11:11:14Z,383.0,2.37,372.37,,,,,preparing
e9891ca7-3306-4f75-93fd-c04b976f9641,707a74bd-593f-4bdc-85e3-b8ff6b538399,,4a9bcc05-a07b-4507-9d42-a2325a4844fa,2021-02-10T19:21:18Z,483.5,1.69,485.19,66088a06-958d-47e2-baf3-0324c5198e8e,fedex,2021-02-13T19:21:18Z,2021-02-16T19:21:18Z,delivered
08cbcbdc-781b-434d-a70b-4955117596a1,93908a68-20b7-44ba-b6c1-6f4cc57d7726,,cdac5d06-ad99-49f6-abb0-df87017dccfd,2021-02-11T09:59:37Z,273.25,2.93,276.18,03b4b7c8-e8e6-4cf5-b43f-06bc819eb230,ups,2021-02-12T09:59:37Z,2021-02-13T09:59:37Z,delivered
0669a520-9c7e-424d-a279-ee96f6f25aec,78fe6452-8a56-4226-ae22-f372116b12ff,,c8e06217-c625-471f-8cdc-88c3e39f6b2c,2021-02-10T13:37:32Z,86.25,4.35,90.6,cf87b5ba-1e2f-4e3c-9102-eef6c220c5d1,ups,,2021-02-14T13:37:32Z,delivered
0976f5e0-829b-4111-9ae8-3c444a1b26eb,ee92f1cf-3bcf-4cea-a8d4-ac5ce812de46,,a4fbed7c-7bdd-465d-bdcd-ab0c4c68f300,2021-02-10T16:47:23Z,278.25,8.93,287.18,4983aff2-fccb-4c9d-951e-884e9ef7e7f5,usps,2021-02-15T16:47:23Z,,shipped
da8cbe31-46f8-4b5c-806a-11ba9c40df9a,f36630d8-e3d9-4e23-acc0-ffd86e661c26,,994b670f-e529-4a97-9826-448f7f9fbf80,2021-02-10T11:38:51Z,516.0,8.7,524.7,41b5dfbf-786f-46c8-91db-3988301d3c0f,ups,2021-02-14T11:38:51Z,2021-02-11T11:38:51Z,delivered
a2c0226b-46d1-4100-9eff-f9d5b3255850,c4f8645d-471d-4c3b-aa5c-dd2f30115669,,be95b20d-a774-4572-b1ff-fd2c2c657568,2021-02-10T06:17:21Z,212.0,7.37,219.37,455d4f5f-9b48-42b2-89ba-bfb63c55fbf9,ups,2021-02-13T06:17:21Z,2021-02-17T06:17:21Z,delivered
7148959b-5081-4702-83c5-d262cc357eae,6d37adeb-4c53-4167-b170-c89e4bd1764a,,2b514c51-d01b-4d26-be99-4a1fa99bf322,2021-02-10T05:32:12Z,101.5,6.16,107.66,e386d0e1-2eba-4046-94c4-24ab656b0521,ups,2021-02-15T05:32:12Z,2021-02-11T05:32:12Z,delivered
942af8de-9bef-48e3-8fda-2341f20d2fbe,0babae9e-2656-4dcb-b454-47d88d47c920,,4d9d28c3-6e38-48e7-9960-f244a3e72d9d,2021-02-10T11:26:45Z,276.75,4.8,281.55,6da0f9a4-1d8e-47d5-b3ed-8be1edb34e93,usps,2021-02-15T11:26:45Z,2021-02-13T11:26:45Z,delivered
5dbde056-632e-484a-a30b-67665cec51ee,2f0a3789-41ac-4732-bf29-b3ea5f4ed831,,b3315b61-f1a6-4dbc-b08b-d65b38aa6f77,2021-02-11T10:22:33Z,679.35,5.81,685.16,89822572-41fb-421f-a450-c63f237c8b4b,ups,2021-02-15T10:22:33Z,2021-02-16T10:22:33Z,delivered
d01dd09a-42bf-4987-af15-960fda67b02a,78955b0f-6e77-44d6-89b5-18097afb0580,,177f1c47-e34a-4c5d-b704-330376ba6ae2,2021-02-11T21:10:31Z,111.5,9.25,120.75,d96f116e-cd40-47f3-91a2-814a00765b67,ups,2021-02-16T21:10:31Z,2021-02-17T21:10:31Z,delivered
bbd9db3c-9553-43b8-8223-c8d204ba5129,8f61f71f-2321-4365-a17d-8e808b3151d2,,ff8d0181-f21e-4235-bf7c-e5f917c6b55f,2021-02-10T18:24:45Z,161.5,6.94,168.44,94ae9c7f-7bfa-4449-9419-d0435fed7be0,fedex,2021-02-12T18:24:45Z,2021-02-13T18:24:45Z,delivered
63505de8-b2e8-4588-8f0d-b1121bfb75f8,b49e6c79-09ad-41b2-9ed6-44570f83a3f8,,e080edb5-bf24-43dd-a9cd-f1419a240fa7,2021-02-10T13:05:57Z,573.75,3.16,576.91,e70ccf15-dd64-4aef-bfe4-2821f8241f23,ups,2021-02-15T13:05:57Z,2021-02-17T13:05:57Z,delivered
90ffdce6-ac7d-46e1-b2b1-310b41b2c789,4dae48a6-8206-46eb-b629-fec4a99306ec,,d7f05c8c-d055-481f-a427-77aded0fd4ce,2021-02-10T15:26:12Z,15.0,2.59,17.59,980b08d8-142e-4a45-ab9c-77d0e7b2a169,usps,2021-02-11T15:26:12Z,2021-02-17T15:26:12Z,delivered
692abf44-42fb-4cd3-8076-d9346d57211c,dbc936d7-51da-4dfa-9dd9-7ce399b466df,,280bb1a8-d59e-4ada-b479-a4d47163130e,2021-02-11T00:38:58Z,210.5,8.39,218.89,0cd76fd4-03c9-4f43-9f07-6eaf6326bbe3,usps,2021-02-14T00:38:58Z,2021-02-18T00:38:58Z,delivered
71c94abb-281b-44d8-b082-7848ae8e88d8,d78268b1-7168-49f4-8f6f-db436afb5a6f,,89f9c593-3ac8-4f50-ab01-01b4a2e27eaa,2021-02-10T23:55:17Z,91.5,7.53,99.03,2282603e-5bd6-447b-95df-acd21f8707ce,fedex,2021-02-15T23:55:17Z,2021-02-13T23:55:17Z,delivered
333db7e3-aba5-4988-b61f-ced40037b5c8,6d37adeb-4c53-4167-b170-c89e4bd1764a,,be19b416-2a93-4ad7-8fdd-f0ae8f4eec2a,2021-02-11T18:01:25Z,177.0,1.61,178.61,d373b271-7296-4e49-8db1-45021d47a222,ups,2021-02-13T18:01:25Z,2021-02-15T18:01:25Z,delivered
29d20dcd-d0c4-4bca-a52d-fc9363b5d7c6,2a6f290c-40f8-4705-89d9-e8aeb6a4fa7b,,aa61ded6-4588-48dd-9759-1bd36ec5d787,2021-02-10T02:37:36Z,543.0,2.06,545.06,,,,,preparing
4fe7882d-a063-4afc-95c5-a80430305a22,79bdfd27-a0a7-4e4f-9d75-0c12c72ce7f1,,b77fd02e-2ad1-4235-8ea9-d9ea509d9c04,2021-02-11T16:12:05Z,298.25,7.08,305.33,6ad98e61-54d0-4343-9398-91c2af780281,fedex,2021-02-12T16:12:05Z,,shipped
a132ed5c-7140-41f5-8eb1-992b7aeae11b,48fd8fef-ef87-4609-aac6-a8495b2feb50,,cdac5d06-ad99-49f6-abb0-df87017dccfd,2021-02-11T11:51:28Z,323.5,8.95,332.45,98f445e4-7953-4028-9f66-a8805b97756a,fedex,2021-02-15T11:51:28Z,2021-02-14T11:51:28Z,delivered
69804412-006d-40a8-909a-d68710725db6,6514b5a0-6388-4940-b6db-ed6f4e010ad5,,89ab3752-1119-4f9e-9766-0d6883501434,2021-02-11T00:29:14Z,50.25,8.56,58.81,f11d6036-b3f3-4380-a03d-a18a8752cf6a,fedex,2021-02-16T00:29:14Z,2021-02-12T00:29:14Z,delivered
8298fb27-518c-4b2c-9fd8-391737ceb777,8ac6bb3e-7dc0-4cdb-90f2-a31db50547db,,71c60b11-0457-40c4-91ca-b86e0631f1eb,2021-02-11T14:09:20Z,90.0,1.89,91.89,49f10900-730f-4cf9-b084-4b5c3c206ea8,fedex,2021-02-12T14:09:20Z,2021-02-12T14:09:20Z,delivered
6b2a45d9-fe4f-4b4d-896d-54c08a71a80f,4d3c9f53-0667-4a80-8259-12200fe75761,leverage,89ab3752-1119-4f9e-9766-0d6883501434,2021-02-10T11:49:46Z,201.5,4.59,196.09,4e7bf7b3-d3fd-486f-8a9d-368dc83ea8bd,ups,,2021-02-11T11:49:46Z,delivered
1829f967-79c8-4998-ba9f-9d381728cedd,db41a6d4-70fc-43b1-82a5-393b46a2bdfa,Mandatory,6b49d7c6-6ede-4a8a-ade1-ec5888c7ce14,2021-02-10T21:22:42Z,451.5,7.44,438.94,63c66301-a47f-462b-b6f3-7e981d030ee2,fedex,2021-02-13T21:22:42Z,,shipped
42ec61e5-e1ff-4dee-b507-3e466e5d1768,6cbe0665-0001-43b3-98af-7cd3909b1b28,,280bb1a8-d59e-4ada-b479-a4d47163130e,2021-02-11T05:52:18Z,122.85,5.07,127.92,eb66cdbf-bda3-4ccf-884c-1bb5dc580f4d,ups,2021-02-15T05:52:18Z,2021-02-16T05:52:18Z,delivered
9d24b74d-0aaf-45ab-954e-5d8e435a3366,20e2eaa5-e8b9-4675-bc3b-11c048b060d9,,fe794a2d-aa57-4ef1-8948-e0491e1ca3c1,2021-02-10T17:46:27Z,121.5,4.74,126.24,b0e50484-6d2e-437b-acf8-b36ca0558774,fedex,,2021-02-12T17:46:27Z,delivered
c08e2beb-24ee-4915-8668-dabe2306c6ca,5943d612-56e1-449a-b891-c501bcea5c34,,4a30ec6b-111e-4142-9079-956394e1e4c7,2021-02-11T22:43:50Z,323.0,9.15,332.15,48e73678-2069-4d6c-a802-fecdf345f3ab,ups,2021-02-13T22:43:50Z,,shipped
c0873253-7827-4831-aa92-19c38372e58d,48ebf150-7cb7-4358-a5ef-1a2b0aa831b9,,4934ebb8-8950-4bd0-87ba-a1532716e54d,2021-02-11T17:11:14Z,336.75,9.52,346.27,,,,,preparing
e2729b7d-e313-4a6f-9444-f7f65ae8db9a,2bfd97fc-be3c-4137-8996-b44907a368d2,,aa61ded6-4588-48dd-9759-1bd36ec5d787,2021-02-10T11:25:33Z,380.0,7.5,387.5,,,,,preparing
d6ae6182-1c85-4b8e-a7a0-d150b08cab27,ab21c3fa-34c7-4858-bee5-193775913caf,,b3315b61-f1a6-4dbc-b08b-d65b38aa6f77,2021-02-11T12:49:19Z,172.75,8.38,181.13,ca6b1726-8e04-4016-8743-53e598917255,usps,2021-02-12T12:49:19Z,2021-02-14T12:49:19Z,delivered
27897d11-f7a3-424a-bc4b-50c0487d12d1,6d37adeb-4c53-4167-b170-c89e4bd1764a,,aa61ded6-4588-48dd-9759-1bd36ec5d787,2021-02-10T17:15:59Z,577.0,6.18,583.18,90ff417d-90e2-4a2e-8e64-a950e63c2157,ups,2021-02-14T17:15:59Z,2021-02-11T17:15:59Z,delivered
c8ec734f-2f92-4d17-80bf-71de0afd713d,467a047e-c8df-4304-8fc9-949acd7bcf4a,,582148c7-44d6-4247-83ab-cd65557569b5,2021-02-10T13:01:59Z,135.0,3.14,138.14,222af431-baed-4b39-bf00-32c768a6a992,ups,2021-02-14T13:01:59Z,2021-02-14T13:01:59Z,delivered
843b5729-e193-4a16-834e-7447e35a37c8,1690815f-a96f-4f41-af89-bde6e90ad560,,8b7e7226-a1e0-4fbf-a0a9-60c38d3e3347,2021-02-11T07:08:41Z,161.0,9.99,170.99,ed0da0c5-298b-40ec-a382-a0038c9e5eb7,ups,2021-02-15T07:08:41Z,2021-02-13T07:08:41Z,delivered
e77a9f5e-a3d7-4eed-ba0b-50893cb38f00,6d37adeb-4c53-4167-b170-c89e4bd1764a,,b2b4d6cd-3c94-40e0-99aa-9dd9ba011ca6,2021-02-11T03:54:07Z,383.8,7.16,390.96,19d1c8c0-2446-4282-88f8-bd1079a43037,fedex,2021-02-12T03:54:07Z,2021-02-13T03:54:07Z,delivered
f7379c32-fa41-43e5-b979-26053b9a60a3,48c5ab18-4e44-40cb-8776-a19da0a86ffa,,8b7e7226-a1e0-4fbf-a0a9-60c38d3e3347,2021-02-10T07:32:20Z,60.75,6.08,66.83,9e897f6a-1e71-4a12-8841-31ca73af745c,usps,2021-02-11T07:32:20Z,2021-02-12T07:32:20Z,delivered
3af487e1-401f-4269-a6a8-afd4d88c780c,1fada2e4-1018-48f1-84dc-802dc99171fe,,902bcb47-051b-4375-9dc0-485b3172b89b,2021-02-10T13:05:01Z,336.75,8.68,345.43,90507393-38e1-4bb0-84b3-6b2a49e13a98,ups,2021-02-14T13:05:01Z,2021-02-14T13:05:01Z,delivered
3332bd19-5807-4a5f-8894-8f1fee628adf,1fada2e4-1018-48f1-84dc-802dc99171fe,Mandatory,a81e134c-8135-44ab-bda4-66b29e5175ca,2021-02-11T03:04:28Z,517.75,3.8,501.55,2184f126-3a9e-4dfd-9fd9-d5da1bfd06bc,ups,2021-02-13T03:04:28Z,,shipped
b245fe74-2070-4203-848c-85d4b59f8eef,96ca8e55-2cbd-4c9b-9540-ff0ac6309797,,b3315b61-f1a6-4dbc-b08b-d65b38aa6f77,2021-02-10T12:43:17Z,641.5,1.3,642.8,,,,,preparing
2bfad5b6-b4ad-47e2-a316-8b7dc7fbc246,8ac6bb3e-7dc0-4cdb-90f2-a31db50547db,,8b7e7226-a1e0-4fbf-a0a9-60c38d3e3347,2021-02-11T11:51:45Z,293.5,6.09,299.59,4cc535d1-8f2d-4cd2-907c-abbdb98c7236,ups,2021-02-13T11:51:45Z,2021-02-12T11:51:45Z,delivered
3c6072c0-399c-4250-86f4-86024e4a18c5,d165b2ff-dfe1-40d0-bda0-a25e82b95870,,d7f05c8c-d055-481f-a427-77aded0fd4ce,2021-02-10T01:31:19Z,150.75,6.88,157.63,4a762117-eca8-4a36-bfb5-400be2b805f4,ups,2021-02-13T01:31:19Z,2021-02-13T01:31:19Z,delivered
912c0b79-532d-4710-bf23-0f9e227b5864,e93257ac-2915-409b-a527-f8d5a089f155,,b5d85492-b403-4f52-a42b-4363716f4cfb,2021-02-11T21:39:37Z,508.4,2.09,510.49,a4b4c21e-cf53-49ab-8c59-2c1af8a66618,usps,2021-02-13T21:39:37Z,2021-02-12T21:39:37Z,delivered
4c0ffd68-11fc-4dcd-b979-c910412a16bf,29246f52-de26-4867-b464-7c5973526202,,71c60b11-0457-40c4-91ca-b86e0631f1eb,2021-02-10T02:30:40Z,236.25,2.32,238.57,5182441a-739a-4bb6-b59e-8cf8babd3fee,ups,2021-02-13T02:30:40Z,2021-02-15T02:30:40Z,delivered
4d1f5b81-0ccc-4204-a6c8-f78c74882ded,366bd18f-6a16-4f39-9177-080c11ce9f25,,1ceb9167-9852-45a7-8109-57b077d8a2e0,2021-02-10T14:23:19Z,602.0,5.11,607.11,2081aed9-4dc7-45d7-87ee-e489a0006d1c,fedex,2021-02-12T14:23:19Z,2021-02-15T14:23:19Z,delivered
e03c0b27-dcb0-4b48-a36e-1c5f013d11d9,b49e6c79-09ad-41b2-9ed6-44570f83a3f8,instruction set,26a10637-982b-4f9d-a243-de56b194427e,2021-02-11T04:49:12Z,268.45,2.63,258.08,174ee4bf-b4ce-4399-b6a2-cbb9d00608ac,ups,2021-02-13T04:49:12Z,2021-02-13T04:49:12Z,delivered
0322c87a-dccc-4c1d-a639-2404c00c7871,44b36e47-f501-4328-9df5-927222167a3d,,184b47dd-af07-4299-b872-5cfb6e4e7ac1,2021-02-11T23:45:41Z,229.0,1.37,230.37,89b43e10-0740-4c67-bf4b-e4c15677182d,ups,2021-02-16T23:45:41Z,2021-02-15T23:45:41Z,delivered
871d9861-ea19-47a1-950d-c3198128acef,bf7367be-d029-4255-81a1-3a295eeb9c56,,3b7ecb69-bf20-41be-b69f-59685b249be2,2021-02-10T13:55:26Z,101.75,3.65,105.4,017466a0-6d53-471e-8848-c10ef7317658,ups,2021-02-12T13:55:26Z,2021-02-14T13:55:26Z,delivered
951d80a3-2947-4ec2-a5a4-c633662d25e9,366bd18f-6a16-4f39-9177-080c11ce9f25,,0314fc1b-d832-4562-bda4-7dbe09d2868c,2021-02-10T23:09:28Z,459.15,8.69,467.84,5e5d91a5-e1d8-4e3c-9165-0ee0a27f0de9,ups,2021-02-14T23:09:28Z,2021-02-16T23:09:28Z,delivered
bbb8264e-cb71-4967-8033-60d7a52ad2fc,ab6cf98c-c16e-41b7-88ab-31f4db64caa2,,d7f05c8c-d055-481f-a427-77aded0fd4ce,2021-02-10T14:34:24Z,241.2,9.05,250.25,7e3fd3fc-be84-4bee-a878-e1dc6e421424,fedex,2021-02-14T14:34:24Z,2021-02-13T14:34:24Z,delivered
7f999c60-f004-4b75-8851-72498dfa47fc,4d3c9f53-0667-4a80-8259-12200fe75761,,6b49d7c6-6ede-4a8a-ade1-ec5888c7ce14,2021-02-10T11:19:51Z,583.5,3.62,587.12,038766c7-6b8f-4297-87f5-158efc010015,usps,2021-02-12T11:19:51Z,2021-02-14T11:19:51Z,delivered
85a88715-9eef-486b-9494-82989ee3b483,e512189a-15a2-4325-b41d-6092f5c03bc9,,bee5bf4a-6525-4ef0-bdb2-fc1d8efe0570,2021-02-11T04:28:56Z,779.5,9.34,788.84,66d9d668-f4db-4aba-9f7e-ca8987ed0b97,fedex,2021-02-12T04:28:56Z,2021-02-14T04:28:56Z,delivered
2795df92-ee7d-4992-bab2-15dbb2b2ab36,9208a361-ea2f-4f75-a2b4-281b55df08a9,,dc7345f9-9c6b-45d5-a633-a07a4a355104,2021-02-10T11:26:57Z,444.65,6.78,451.43,a57de08b-2fea-4488-84ff-bedf458342af,ups,2021-02-14T11:26:57Z,2021-02-16T11:26:57Z,delivered
5f16fb3f-aa26-4cdc-8de6-e86c96dc842f,9208a361-ea2f-4f75-a2b4-281b55df08a9,Optional,dc7345f9-9c6b-45d5-a633-a07a4a355104,2021-02-11T06:26:15Z,210.0,9.78,202.78,,,,,preparing
4d84f125-234d-4f3c-a54d-41172b453510,6f0c43cb-42af-45e0-83ae-f0ed3b4e2e8e,,302bfd3c-795c-4eef-b1e7-627897f6861e,2021-02-10T03:45:36Z,45.0,4.4,49.4,8a0cd48b-e92c-4c49-98ad-2e981aeb3df5,dhl,2021-02-15T03:45:36Z,2021-02-17T03:45:36Z,delivered
e3965ae6-8792-422f-bae0-ecbce4da50aa,2c696f6a-3988-4cdb-a9a0-5c464e2ce19a,,18e90fce-7517-42c3-bd20-7028608da7df,2021-02-10T18:41:39Z,107.85,5.76,113.61,7306f1b7-cf80-4332-9af7-bd3f89a75479,fedex,,,shipped
b6f9c559-8c79-409f-963f-2499e5ad315e,6f0c43cb-42af-45e0-83ae-f0ed3b4e2e8e,,2b514c51-d01b-4d26-be99-4a1fa99bf322,2021-02-10T14:02:56Z,81.5,9.66,91.16,36c8391f-5a3e-459b-8127-61f1366ccf5e,usps,2021-02-11T14:02:56Z,2021-02-14T14:02:56Z,delivered
f1236409-b5f6-4e40-961c-797b850e225b,65b34b30-f96d-4230-b595-0c7c249de7e5,,b2b4d6cd-3c94-40e0-99aa-9dd9ba011ca6,2021-02-11T09:20:53Z,201.5,8.21,209.71,c5096b6d-91c3-4387-8f83-cbe55f1a7323,ups,2021-02-15T09:20:53Z,2021-02-12T09:20:53Z,delivered
88971e55-2d81-493c-bd7f-2e1efc4c0153,2c696f6a-3988-4cdb-a9a0-5c464e2ce19a,,4a30ec6b-111e-4142-9079-956394e1e4c7,2021-02-10T13:27:11Z,247.65,2.72,250.37,816279c6-4a1f-4535-8a03-671a51e7c7e5,fedex,2021-02-11T13:27:11Z,2021-02-12T13:27:11Z,delivered
bc247c35-1e4f-453a-af60-f14218a219b5,63b87683-1c30-49e0-86f0-54d00b32052f,,5a6a5b60-d54a-4ef7-9ae3-6bd9fd21a807,2021-02-11T15:42:24Z,303.5,9.55,313.05,58a79a2d-41c0-40b1-9be0-f0dba6e7deae,ups,2021-02-14T15:42:24Z,2021-02-18T15:42:24Z,delivered
973443f0-e2ff-472c-8469-f452d0beeeda,f36630d8-e3d9-4e23-acc0-ffd86e661c26,,25caf41f-ca5a-4cbb-bc2c-b5d9fcebe66b,2021-02-10T10:55:44Z,456.0,5.04,461.04,8c408064-fe11-4e33-8801-6df7fba0452f,fedex,,,shipped
74bae4ca-0322-4e54-ac94-ba84bc63657e,6f0c43cb-42af-45e0-83ae-f0ed3b4e2e8e,,a4fbed7c-7bdd-465d-bdcd-ab0c4c68f300,2021-02-10T05:43:24Z,433.75,2.66,436.41,d51f8ff3-a7c9-4b26-a06a-46aca6785b4d,ups,2021-02-11T05:43:24Z,2021-02-14T05:43:24Z,delivered
4f4b3ac9-1308-4115-b7d7-abe956e17565,78fe6452-8a56-4226-ae22-f372116b12ff,,5eadcadd-a524-443f-8fcb-d0ef1981da0a,2021-02-10T10:47:36Z,203.5,3.74,207.24,388e7b9a-3a39-4819-8888-ea88970a8ec5,ups,2021-02-14T10:47:36Z,2021-02-11T10:47:36Z,delivered
89e6f87a-1347-4670-9cb6-8873c4ae0bca,1084cc0c-3ee1-42d2-aa29-368474bd1579,,b75f3aaf-a993-400a-af77-389c1d1187a9,2021-02-11T10:27:32Z,355.0,8.46,363.46,96f045af-0dd4-4b09-956d-d9d27f0c36d7,usps,2021-02-12T10:27:32Z,2021-02-15T10:27:32Z,delivered
7db78274-d998-408b-9c97-83f22373c9ea,baaf00b6-da56-44af-8c70-97269472e6f3,,c1661061-176f-4e18-96a3-3ae16fdee80b,2021-02-11T21:19:45Z,637.4,7.31,644.71,55acac02-456c-4a50-9d4f-fb53debecad8,usps,2021-02-13T21:19:45Z,2021-02-14T21:19:45Z,delivered
3f0de386-c2df-4cfe-98c1-bd986fdbd4c2,b84e37bd-016f-4bd7-ab63-0ba81c57ea9a,,a8fa71b5-5d47-410f-b0c1-a16d20a05937,2021-02-10T13:57:47Z,20.0,5.71,25.71,7ff28b48-9e18-4f9c-8d29-c1c836527796,ups,2021-02-14T13:57:47Z,2021-02-15T13:57:47Z,delivered
0e9b8ee9-ad0a-42f4-a778-e1dd3e6f6c51,7091fe90-07da-424c-8da6-24e024503be2,,965dbeea-a6d5-467d-9683-914b744ad1ef,2021-02-11T08:11:14Z,60.0,1.52,61.52,,,,,preparing
2affb750-b1d9-4b84-b612-8381435bc669,60bc96e0-dcf5-438d-8e11-7ab3f6ac6e96,,26f11eae-4214-4e99-8fc2-acc4718e30b7,2021-02-10T15:53:34Z,220.0,9.87,229.87,2248ec46-bb3e-41ba-855e-c8da997df072,ups,2021-02-15T15:53:34Z,2021-02-16T15:53:34Z,delivered
b08fa5c7-cb20-415f-ad6d-e0dfd1a23c65,ee92f1cf-3bcf-4cea-a8d4-ac5ce812de46,,902bcb47-051b-4375-9dc0-485b3172b89b,2021-02-10T16:49:51Z,120.75,5.54,126.29,26a2a633-e8d0-4537-878a-401cb2ae023a,ups,2021-02-14T16:49:51Z,2021-02-12T16:49:51Z,delivered
fd804ab1-fa33-49b5-97a4-5c29d28a5101,b84e37bd-016f-4bd7-ab63-0ba81c57ea9a,,959fc946-4baf-457f-8290-2a7d0e7fc3f7,2021-02-11T11:01:19Z,121.5,8.69,130.19,3c5ed5d0-6122-440b-9958-abf6ecedac02,ups,2021-02-15T11:01:19Z,2021-02-13T11:01:19Z,delivered
841074bf-571a-43a6-963c-ba7cbdb26c85,dbc936d7-51da-4dfa-9dd9-7ce399b466df,,aa61ded6-4588-48dd-9759-1bd36ec5d787,2021-02-11T16:11:14Z,76.25,1.14,77.39,,,,,preparing
44551048-9048-4764-91f1-5c2bb6928f8a,e3302139-c0ba-4715-9c35-68dde8347b56,,2ccdea45-e41c-4845-8252-50c2f568e0db,2021-02-11T10:10:41Z,60.0,1.99,61.99,442ed3b7-f750-473b-befe-74521da1e3c8,ups,2021-02-14T10:10:41Z,2021-02-15T10:10:41Z,delivered
3772cac5-2ea2-4278-9166-f0703935a671,2a6f290c-40f8-4705-89d9-e8aeb6a4fa7b,task-force,5b281207-9295-4a31-a1bb-5ac383acca2a,2021-02-10T09:28:00Z,141.7,4.44,144.14,,,,,preparing
778f8864-d993-4118-b7d6-1ea836ec6791,4340de09-99b5-451b-ada3-168228a08cf9,,6d31baf0-1ecd-42e0-b32f-645d084c3109,2021-02-11T16:48:09Z,437.25,2.33,439.58,1155f710-9574-4b2f-a48d-3954b5f05bbb,fedex,2021-02-12T16:48:09Z,2021-02-15T16:48:09Z,delivered
f684e5fd-154c-4b52-9b35-1ccc7e74190f,96aa719e-c5a3-4645-ba89-16c304fb59b0,,994b670f-e529-4a97-9826-448f7f9fbf80,2021-02-10T05:29:13Z,767.9,7.64,775.54,f7e65ca3-e3b5-4b3d-8fba-881ed897cb6d,fedex,2021-02-12T05:29:13Z,2021-02-14T05:29:13Z,delivered
2db8d59b-1470-4cd3-8be6-c96a82480240,5951d1d2-614e-4557-a2de-8298a1e4b179,,44f03e5e-c121-44dd-80e2-b2d18860d57a,2021-02-11T11:47:45Z,369.35,1.01,370.36,66e97e94-da5c-4051-8a89-92da8622634b,usps,2021-02-13T11:47:45Z,,shipped
2e40bfc1-f035-4617-a12b-da047e4578c3,c9d5048d-4879-4c2f-865f-3a971f3eea4e,,6155419f-3b93-43ef-a11a-b1dece0e7a37,2021-02-11T02:29:55Z,45.0,4.07,49.07,e355d4af-4b0c-461f-97c9-2f2bd4120403,usps,2021-02-15T02:29:55Z,2021-02-17T02:29:55Z,delivered
cb9cd4d2-3bce-4173-8303-62e581e91ac7,bbe51ac6-6687-4cbe-9178-27d96f90836b,,63fdd7ef-51f3-49e2-bdf2-22d46f68aacf,2021-02-10T08:58:39Z,535.0,1.99,536.99,9b345a92-0ed4-4b72-b2e0-26d43d0566f8,usps,2021-02-15T08:58:39Z,2021-02-17T08:58:39Z,delivered
459c78e2-335c-47c9-9c9e-cf4d11a3e1fe,5555f2b6-d408-419f-aa60-22c0f0440f50,,a4214945-dbfc-4bc2-afe6-ab00f33edcfe,2021-02-11T03:09:04Z,50.75,8.98,59.73,96f176d5-77d5-4712-b1ab-bdafda4895a7,fedex,2021-02-14T03:09:04Z,2021-02-15T03:09:04Z,delivered
1b8feb77-03cf-4414-a652-544fa364c008,707a74bd-593f-4bdc-85e3-b8ff6b538399,,dd1048ba-46a5-4d80-a7e1-b1592c161a4c,2021-02-11T05:35:20Z,323.0,9.39,332.39,f497ae05-3ce3-4226-ae5c-5b8ff6126ecb,fedex,2021-02-13T05:35:20Z,2021-02-17T05:35:20Z,delivered
d99dab56-7aa3-4eca-869c-946bca5e6811,8ac6bb3e-7dc0-4cdb-90f2-a31db50547db,leverage,b75f3aaf-a993-400a-af77-389c1d1187a9,2021-02-11T01:50:56Z,105.95,9.6,105.55,729b26f9-cd82-4084-af51-719fc987e733,ups,2021-02-12T01:50:56Z,2021-02-13T01:50:56Z,delivered
175d8fb5-2c45-45b5-9fe3-7b3987d05b2d,6875a4d9-cdc6-43bc-a700-f6916e049e46,,1ceb9167-9852-45a7-8109-57b077d8a2e0,2021-02-10T17:08:27Z,162.5,1.57,164.07,45e46aff-5482-486f-bc92-109706aaacd7,fedex,2021-02-12T17:08:27Z,2021-02-13T17:08:27Z,delivered
349b5ed3-cac3-401f-aef3-290bc0b8d5d7,20e2eaa5-e8b9-4675-bc3b-11c048b060d9,,0314fc1b-d832-4562-bda4-7dbe09d2868c,2021-02-10T21:53:19Z,40.0,5.97,45.97,35726bdf-0a6a-40e3-856d-7cdb0354e15a,ups,2021-02-13T21:53:19Z,2021-02-17T21:53:19Z,delivered
727e8c88-6cf8-497a-ae3c-3a781c5b70c3,b49e6c79-09ad-41b2-9ed6-44570f83a3f8,,dfe1082c-cb08-497f-9af9-9a7cf0aa70b5,2021-02-10T10:16:11Z,280.0,8.12,288.12,77b56eab-02b8-46ae-ae88-986149b26f02,usps,2021-02-13T10:16:11Z,2021-02-15T10:16:11Z,delivered
86302f5c-4879-4056-8c99-b3721e83829d,d550fa36-ab93-4a07-a7ad-bb6f395b5a50,,89f9c593-3ac8-4f50-ab01-01b4a2e27eaa,2021-02-11T02:58:50Z,368.0,1.37,369.37,878b9f58-8c0c-4d94-b251-f43e13db3acb,usps,2021-02-12T02:58:50Z,2021-02-18T02:58:50Z,delivered
ae526f89-1faf-4ae8-90b2-06b996b51b31,eb8ac155-9558-47a2-ad5d-3a2518ec563c,,1d3482c6-e56b-47df-91f8-4b32bc908b2b,2021-02-11T18:17:21Z,100.0,7.23,107.23,489ef774-9774-44b4-91b2-6788b207e936,ups,2021-02-16T18:17:21Z,2021-02-12T18:17:21Z,delivered
ba6390f1-e352-4fd5-9f1e-b350214c4124,7f89df2d-6f1e-4f67-83a1-40d2b8ec56b0,,2ccdea45-e41c-4845-8252-50c2f568e0db,2021-02-11T16:39:27Z,403.0,1.0,404.0,02d30678-243c-4cb2-9dc8-a121c0574f06,fedex,2021-02-16T16:39:27Z,2021-02-17T16:39:27Z,delivered
b8674a2e-e825-4cde-8885-959b55d86c1a,78fe6452-8a56-4226-ae22-f372116b12ff,,8a46a3e5-4428-4744-855c-19d435fcf7af,2021-02-10T09:39:44Z,322.0,4.98,326.98,97a82682-a2ba-42ec-8ece-241adce6331d,ups,2021-02-15T09:39:44Z,2021-02-12T09:39:44Z,delivered
3944bd76-a630-4f50-9f41-b4e985b520ca,b60b4bf2-44e4-4232-902b-79a50d448f8b,,5b760361-9ef1-49bd-a672-9acc2431d384,2021-02-10T03:44:13Z,135.25,9.3,144.55,69be42e0-8eb9-4c92-9358-a65d25c85f72,fedex,2021-02-12T03:44:13Z,2021-02-16T03:44:13Z,delivered
97c51e08-8026-44cb-af4b-15f8011e4931,96aa719e-c5a3-4645-ba89-16c304fb59b0,,e21cfbf8-4b71-4028-a00f-83d79b8d1745,2021-02-11T01:52:43Z,410.0,9.19,419.19,f89da4ad-0287-471a-a4bf-6d654c742996,usps,2021-02-13T01:52:43Z,2021-02-14T01:52:43Z,delivered
667f2f4e-4262-425d-bf66-9b600af692a6,f47ac0f5-2afa-4e71-8328-bd881947159b,,27b514cc-7ff4-4451-b1ba-27bb2f5011c8,2021-02-10T11:04:14Z,81.45,5.46,86.91,3a9f5e6d-598d-4932-bd00-f1d4eb482df7,ups,2021-02-15T11:04:14Z,2021-02-11T11:04:14Z,delivered
df91aa85-bfc7-4c31-93ef-4cee8d00a343,bbe51ac6-6687-4cbe-9178-27d96f90836b,,e71bd22e-7711-405f-9d7e-2a7824d68a6a,2021-02-11T16:20:27Z,277.0,7.17,284.17,,,,,preparing
12a416f6-08d4-4db5-953e-d683ca9081f6,7f89df2d-6f1e-4f67-83a1-40d2b8ec56b0,Digitized,a96cbe83-ad12-4457-af40-1b5b5f373937,2021-02-10T20:23:20Z,226.25,1.63,216.88,58d39872-599c-4b1e-8cd3-baac98958b67,usps,,2021-02-11T20:23:20Z,delivered
6280af33-1ec6-4e8b-bc9e-6ed331ccb5da,5de439eb-6bc7-4fc2-ba0e-a3bf8a286d63,instruction set,a8fa71b5-5d47-410f-b0c1-a16d20a05937,2021-02-11T08:39:03Z,182.5,9.68,179.18,1ed463b2-495a-4b32-9c53-2ea8d8e58ab7,ups,,2021-02-12T08:39:03Z,delivered
09431ff6-b550-4301-8d46-fde372e87af9,5a9d6641-6ca6-48f0-af45-f411750f611a,,582148c7-44d6-4247-83ab-cd65557569b5,2021-02-10T00:01:02Z,383.75,8.14,391.89,afd17de9-1c7f-4233-8ead-ef97750526dc,fedex,2021-02-11T00:01:02Z,2021-02-14T00:01:02Z,delivered
f6881473-8927-4504-8ba0-3acecf098b5c,2bfd97fc-be3c-4137-8996-b44907a368d2,instruction set,8a46a3e5-4428-4744-855c-19d435fcf7af,2021-02-11T11:28:42Z,232.5,1.74,221.24,d252e680-abea-44ba-9a0e-cb425705d9f5,ups,2021-02-14T11:28:42Z,2021-02-12T11:28:42Z,delivered
c46b8091-59e1-49de-a505-f1c98023a65a,4115e7da-5892-4eef-9f39-705626158c7f,,e080edb5-bf24-43dd-a9cd-f1419a240fa7,2021-02-11T14:17:37Z,432.25,1.82,434.07,80f9fdf7-e92a-4294-a20a-e2dbde5108d3,ups,2021-02-14T14:17:37Z,2021-02-14T14:17:37Z,delivered
ec9be902-7557-431c-824d-5c157c191697,489039b3-4092-4ed0-9065-b87573c26f21,,4983fb6f-b53f-4022-95ca-d17eb4974093,2021-02-10T07:04:30Z,708.5,4.55,713.05,4d7ba4d1-ba37-4b02-989a-ddd83833f15f,ups,,2021-02-11T07:04:30Z,delivered
c23de9da-73a2-437f-a2c2-bd257bc692c3,7193aa74-ca9f-4769-b290-a817bd2e4266,,b3db1ec9-17b7-4b15-8f04-b2077048f428,2021-02-10T20:54:20Z,162.95,9.84,172.79,ab97ca64-d046-43bd-a2ee-233530f5dabc,usps,2021-02-13T20:54:20Z,2021-02-12T20:54:20Z,delivered
dcf4ab8d-ee51-4dd4-953d-557d413100fa,f37282a8-5c04-44bb-a9e6-fe9ed2eed6e2,,2ccdea45-e41c-4845-8252-50c2f568e0db,2021-02-11T05:28:02Z,50.0,5.64,55.64,bd10fd7c-e849-451d-8b0e-0620e5104d3d,usps,2021-02-13T05:28:02Z,2021-02-17T05:28:02Z,delivered
b9523b83-4b6f-41d3-8681-b946313ac6c3,2f0a3789-41ac-4732-bf29-b3ea5f4ed831,,f2dfb1e6-43bf-49ac-8d17-e1498079e08b,2021-02-10T18:05:26Z,227.95,6.59,234.54,79849414-2459-4de0-8702-48e961562938,fedex,2021-02-15T18:05:26Z,2021-02-13T18:05:26Z,delivered
0db4263a-5b43-488c-b9d8-9592c9f4d549,edbbae4b-6354-4a0b-9d43-d74c3f67b5de,Optional,b3db1ec9-17b7-4b15-8f04-b2077048f428,2021-02-11T21:11:38Z,226.0,2.38,211.38,6646f2d3-265e-46da-8a0a-4dd216da9ecf,dhl,2021-02-13T21:11:38Z,2021-02-13T21:11:38Z,delivered
fd47d88b-69d6-403b-bf53-b108819098f0,02414bff-285d-4008-9352-ad50839b729f,Mandatory,a96cbe83-ad12-4457-af40-1b5b5f373937,2021-02-10T00:57:30Z,485.65,1.01,466.66,84f19be3-581c-4f35-b1a7-27299103389a,usps,2021-02-12T00:57:30Z,2021-02-15T00:57:30Z,delivered
8f024856-4bf8-4117-81ac-d61f62c91158,dbc936d7-51da-4dfa-9dd9-7ce399b466df,,d502f2e1-d34c-4b82-9834-15e50ab41a1b,2021-02-10T20:13:51Z,206.25,1.1,207.35,a1e01da9-d348-459e-a9cc-54e56324c3b9,usps,2021-02-11T20:13:51Z,2021-02-13T20:13:51Z,delivered
032b02a8-84fe-4c54-950a-e5757021ecc2,60bc96e0-dcf5-438d-8e11-7ab3f6ac6e96,,bfee6b0f-d8ea-4626-9786-a0e1497bd07b,2021-02-10T06:01:02Z,30.5,3.65,34.15,88ba004e-c17e-4587-bf3e-c76fe71731d7,usps,2021-02-12T06:01:02Z,2021-02-17T06:01:02Z,delivered
9eb8e518-6851-453b-98b9-cd5c38f4f80f,93908a68-20b7-44ba-b6c1-6f4cc57d7726,,d6e4e3d2-9e7c-454a-bae6-2339d80d23fd,2021-02-10T09:47:26Z,283.0,7.98,290.98,766c0030-6a03-41c3-911b-6a35370ad582,ups,2021-02-12T09:47:26Z,2021-02-13T09:47:26Z,delivered
a3bc2320-2520-43fc-8a33-7d126e06e324,707a74bd-593f-4bdc-85e3-b8ff6b538399,,bfee6b0f-d8ea-4626-9786-a0e1497bd07b,2021-02-11T02:01:41Z,15.25,5.32,20.57,3917ca7e-1873-4b35-8883-6be083bde22f,ups,2021-02-12T02:01:41Z,2021-02-17T02:01:41Z,delivered
b3773cdd-b925-4eda-906c-57fa5d0e5a55,30a46555-66f8-4dd3-946f-dacc9bd6d0c2,,cdac5d06-ad99-49f6-abb0-df87017dccfd,2021-02-10T21:54:18Z,143.0,3.39,146.39,16f18722-4d60-4098-80e1-90a9c4d628f2,ups,2021-02-11T21:54:18Z,2021-02-11T21:54:18Z,delivered
f9d41e2a-81fa-400d-930f-a960c3135db9,2d90a679-c85d-4299-86dd-2319424fcc15,,dd1048ba-46a5-4d80-a7e1-b1592c161a4c,2021-02-10T12:14:46Z,262.5,4.51,267.01,e0a6e97c-a33f-4c6b-a213-fba6262c430d,usps,2021-02-12T12:14:46Z,2021-02-14T12:14:46Z,delivered
9da202ba-64b2-4c8c-bab7-7cfc56a3410c,7091fe90-07da-424c-8da6-24e024503be2,,1a61a755-cf38-43cd-be0d-7babfe8aaa26,2021-02-11T01:01:59Z,145.95,4.31,150.26,559a1b81-43d6-4476-84f8-df3312a97eb7,ups,2021-02-15T01:01:59Z,2021-02-15T01:01:59Z,delivered
81617893-be66-4c1e-b73e-a71ece089732,4340de09-99b5-451b-ada3-168228a08cf9,,6155419f-3b93-43ef-a11a-b1dece0e7a37,2021-02-11T08:03:44Z,597.55,3.95,601.5,d730d888-8180-49ad-9ad6-93a2fe38cb14,fedex,,2021-02-16T08:03:44Z,delivered
f67806e3-1791-404d-a445-6467318f3a0d,1df78ad9-9493-4ce9-b1ad-776f26650417,,62e197da-130d-48f9-95d1-8f67b5be1784,2021-02-11T10:57:58Z,561.5,9.3,570.8,ef7ac151-3536-479a-82d1-933af79f3bd5,ups,2021-02-15T10:57:58Z,2021-02-13T10:57:58Z,delivered
93a40bfd-c161-47be-8659-714ca706b514,f9178203-61c0-4597-9070-6dc453ada601,,d2fbe240-64ac-4feb-a360-8a9197f8b8ae,2021-02-10T00:57:16Z,161.5,7.1,168.6,9eb2148a-12f7-4da9-adbb-009186cf2093,ups,2021-02-15T00:57:16Z,2021-02-12T00:57:16Z,delivered
92d3887f-6f9e-4e3f-85a8-3da52d46cd45,7f7ce164-75dd-4d50-ad3f-e4d8846f3d60,,71c60b11-0457-40c4-91ca-b86e0631f1eb,2021-02-10T23:11:17Z,453.0,7.05,460.05,d81e299e-1d9f-4779-8987-2feb5b55bbae,fedex,2021-02-13T23:11:17Z,2021-02-16T23:11:17Z,delivered
3fb5a1fd-bf02-4ca0-bb26-4ff4c4a4af74,1fada2e4-1018-48f1-84dc-802dc99171fe,,058563af-f1de-48fe-a5ad-4514fe8964f4,2021-02-11T04:05:52Z,960.15,5.63,965.78,534dbac2-f4db-42d0-95ec-d14d12fdcaa5,fedex,2021-02-16T04:05:52Z,2021-02-15T04:05:52Z,delivered
09fc1bc7-215a-4987-96a1-9e3e079a3707,7f7ce164-75dd-4d50-ad3f-e4d8846f3d60,,b2b4d6cd-3c94-40e0-99aa-9dd9ba011ca6,2021-02-11T12:15:58Z,75.0,2.94,77.94,3f8401b3-9525-4e83-b1c6-64d2341f3e0b,ups,2021-02-14T12:15:58Z,2021-02-15T12:15:58Z,delivered
5e75b8f4-e03e-462f-8a91-027bfaf3e8b4,1690815f-a96f-4f41-af89-bde6e90ad560,,fc458964-6e05-46e7-8717-c8c7798e78aa,2021-02-10T04:24:05Z,152.25,4.74,156.99,846b988b-b09f-471d-8ef0-dd922fad5d1f,ups,2021-02-15T04:24:05Z,,shipped
5a00119e-674a-4f04-8b87-d8d48129a771,467a047e-c8df-4304-8fc9-949acd7bcf4a,instruction set,89f9c593-3ac8-4f50-ab01-01b4a2e27eaa,2021-02-10T06:10:12Z,80.75,7.84,75.59,7a32b358-55b6-42a3-bb32-21b838d1e5f7,ups,2021-02-15T06:10:12Z,2021-02-14T06:10:12Z,delivered
b15964ec-1e59-4258-9ecb-bcaac33cd071,4340de09-99b5-451b-ada3-168228a08cf9,,cdc9b750-8081-441d-9905-339732cbdc4a,2021-02-11T19:42:05Z,466.35,7.85,474.2,78ff424e-befd-4172-800c-6aca96b99524,fedex,2021-02-14T19:42:05Z,2021-02-13T19:42:05Z,delivered
15f26002-ee82-4855-a9d7-d55ff3f1a85b,8af678e5-c051-4ca2-88f3-4c903d77a3f6,,4da64e4e-655c-4fbe-bee2-3eb1014ace1b,2021-02-11T17:46:36Z,184.0,3.91,187.91,84e491af-c2c3-406a-a71d-97456149fece,ups,2021-02-15T17:46:36Z,2021-02-17T17:46:36Z,delivered
cc5d3269-258b-4661-b83e-6aaba676fb46,8d8916e6-9820-49aa-bde8-8657dcfa7395,,11f9f0ec-0cd6-4944-9dff-b577da0cc535,2021-02-10T12:32:10Z,50.0,2.0,52.0,fa6cc08e-1993-4f08-b06b-b6a2df7b9a8c,fedex,2021-02-13T12:32:10Z,2021-02-17T12:32:10Z,delivered
6abeb560-cfb9-4726-8d7d-612f3cd3763e,b49e6c79-09ad-41b2-9ed6-44570f83a3f8,,a8fa71b5-5d47-410f-b0c1-a16d20a05937,2021-02-11T14:25:20Z,327.25,7.98,335.23,f1cd7b1c-aba9-4619-b9ce-87c172f0fdd4,ups,2021-02-12T14:25:20Z,,shipped
19644506-d739-4f1b-baf7-3ecc8833c329,e879df28-ff9c-4900-b99c-c769ec349316,,68a5c312-2205-45ec-ace1-166ff3f4b572,2021-02-10T07:59:44Z,40.0,6.28,46.28,be3cf326-410a-402c-8e40-f672f59170e3,ups,2021-02-13T07:59:44Z,2021-02-12T07:59:44Z,delivered
e2c5c29c-2e3c-4e56-9db0-98f13c20b59d,eafe1c71-6ae0-4add-b9d9-34d9c5d00c50,,9285957a-e1fd-4205-960e-f739a9c7dfd2,2021-02-11T21:21:21Z,90.0,3.44,93.44,309db5b5-982e-4f4a-bd20-7f52f3a25413,fedex,2021-02-12T21:21:21Z,2021-02-15T21:21:21Z,delivered
098a1247-5524-4d73-8523-551582ba39f1,19ac513f-b77e-4808-ade4-284ece721d91,,609af927-16f8-450a-ade4-1e06724e9feb,2021-02-11T16:54:42Z,75.0,9.06,84.06,b8cd58c1-e65f-4912-88a2-e6f4f32e4bbe,ups,2021-02-13T16:54:42Z,2021-02-15T16:54:42Z,delivered
87a0f788-bba9-40b9-8c39-7df9d4dece24,c4f8645d-471d-4c3b-aa5c-dd2f30115669,,d7f05c8c-d055-481f-a427-77aded0fd4ce,2021-02-10T06:39:04Z,126.0,4.75,130.75,a2cf018e-2829-4e95-984c-5610caf39bc4,ups,2021-02-11T06:39:04Z,,shipped
ffd7d39a-e3b5-43dc-97b7-f6f5443ae314,7f7ce164-75dd-4d50-ad3f-e4d8846f3d60,,53983579-4a64-432a-941e-c3d9c886bd77,2021-02-11T14:34:59Z,292.5,1.04,293.54,0a5a9f69-0528-44f9-b341-8662d886e2d8,fedex,2021-02-15T14:34:59Z,2021-02-13T14:34:59Z,delivered
fe655286-6400-456f-ad0f-c61554d8988b,aa2bd310-8be1-4b6c-a852-2789d8652ac7,task-force,62e197da-130d-48f9-95d1-8f67b5be1784,2021-02-11T09:50:26Z,182.75,2.56,183.31,10a59f4c-8032-4c19-be79-932ef3651bb7,ups,2021-02-16T09:50:26Z,2021-02-17T09:50:26Z,delivered
59c79883-a968-49af-833b-7305f181c669,366bd18f-6a16-4f39-9177-080c11ce9f25,,8b7e7226-a1e0-4fbf-a0a9-60c38d3e3347,2021-02-10T17:20:42Z,390.95,2.05,393.0,ee87ce66-155d-46bf-9a7a-383b25b9949c,usps,2021-02-13T17:20:42Z,2021-02-15T17:20:42Z,delivered
a484481e-ee94-486a-ab20-50c70f8c6674,ab21c3fa-34c7-4858-bee5-193775913caf,,3b7ecb69-bf20-41be-b69f-59685b249be2,2021-02-11T01:23:39Z,142.5,7.71,150.21,7c1c1ece-d6fc-4b28-81df-80ea6908863d,ups,2021-02-12T01:23:39Z,2021-02-12T01:23:39Z,delivered
b3cb4101-b1c4-40d0-89e6-a029f1dcce5b,9208a361-ea2f-4f75-a2b4-281b55df08a9,,bffd2205-2234-4d52-8ec6-60ca76d18cf0,2021-02-10T12:42:31Z,205.0,7.4,212.4,3d4cad71-8403-4e9b-b205-10e30dcac8e4,ups,2021-02-11T12:42:31Z,2021-02-13T12:42:31Z,delivered
50c99578-5773-4467-ab2b-3105a8f51645,19ac513f-b77e-4808-ade4-284ece721d91,,df4fbdd5-d7f9-4711-b1b6-2517808df91a,2021-02-10T13:52:38Z,130.75,1.85,132.6,7e635f3c-292b-42bd-8e90-34b97f4295b3,fedex,2021-02-14T13:52:38Z,2021-02-15T13:52:38Z,delivered
a5030657-135a-454a-b17e-1014c1b53852,29246f52-de26-4867-b464-7c5973526202,,965dbeea-a6d5-467d-9683-914b744ad1ef,2021-02-11T04:08:26Z,121.0,5.35,126.35,3e3e265f-5fe7-4cd2-b1ea-1a4d07719012,ups,,2021-02-13T04:08:26Z,delivered
6056966f-4515-4b6c-b1a6-7f55ca774b78,2a6f290c-40f8-4705-89d9-e8aeb6a4fa7b,,d0042646-63e0-434e-874c-aec1d434f2df,2021-02-10T20:19:54Z,302.0,8.56,310.56,552d3868-65e0-4beb-91ab-a2503c89281b,ups,2021-02-11T20:19:54Z,2021-02-16T20:19:54Z,delivered
3e28eae3-bfb3-4f56-aeea-5a8d8fd399d2,bbe518c7-5ea8-444e-acef-6c18be8336bc,,edd6e563-bce1-4c84-859d-31cae681f40b,2021-02-10T18:54:48Z,203.0,7.9,210.9,e0f1f726-9450-4f34-9edc-bc897a364b8e,ups,2021-02-15T18:54:48Z,2021-02-11T18:54:48Z,delivered
b0d93ef1-d63c-4f47-b3d6-8c20ff25e4e2,6cbe0665-0001-43b3-98af-7cd3909b1b28,,dfe1082c-cb08-497f-9af9-9a7cf0aa70b5,2021-02-10T16:45:26Z,235.85,9.54,245.39,a309e1c1-14be-455f-8e3f-e31b4dea1423,fedex,2021-02-11T16:45:26Z,2021-02-15T16:45:26Z,delivered
f47e999f-0933-4903-bd76-2154b7fdc18c,e09e27fe-72e3-4359-809e-43acf4976f55,,e71bd22e-7711-405f-9d7e-2a7824d68a6a,2021-02-11T20:00:16Z,260.0,2.3,262.3,4307ad1b-4f29-420d-8c41-f14e18f868b8,fedex,2021-02-14T20:00:16Z,2021-02-18T20:00:16Z,delivered
b3bbc1b2-11bf-4a7f-8424-8c6fb14d753b,63b87683-1c30-49e0-86f0-54d00b32052f,,9285957a-e1fd-4205-960e-f739a9c7dfd2,2021-02-10T15:38:36Z,158.0,5.52,163.52,1ba54bba-7dbf-4ec7-a2f4-8c6c5cb06f0c,fedex,2021-02-13T15:38:36Z,2021-02-12T15:38:36Z,delivered
d29fbe48-4cb7-46ef-b3ea-67a28a0cd8c0,707a74bd-593f-4bdc-85e3-b8ff6b538399,,632eadda-3e81-492c-8108-d5982aeac84d,2021-02-10T17:51:26Z,80.5,5.86,86.36,fd855a19-52b8-4530-82b5-f4b88b932578,usps,2021-02-12T17:51:26Z,2021-02-16T17:51:26Z,delivered
911cf158-a9f8-47f9-a8f0-900b113fc41a,8d8916e6-9820-49aa-bde8-8657dcfa7395,,609af927-16f8-450a-ade4-1e06724e9feb,2021-02-11T15:30:21Z,92.85,9.12,101.97,28ded7db-2557-4676-a0a8-bab5af3487a8,dhl,2021-02-12T15:30:21Z,2021-02-18T15:30:21Z,delivered
c49ed1e6-c56b-4681-bef8-cf8d99404832,6cf2751f-d815-4fbc-b04a-245c1301574c,,e71bd22e-7711-405f-9d7e-2a7824d68a6a,2021-02-10T09:10:28Z,201.95,5.55,207.5,53aec537-6a8e-4a84-9db4-ec332895ebdf,dhl,2021-02-13T09:10:28Z,2021-02-11T09:10:28Z,delivered
0f7d97e4-6093-489d-b338-e98397482ff3,ab6cf98c-c16e-41b7-88ab-31f4db64caa2,,df4fbdd5-d7f9-4711-b1b6-2517808df91a,2021-02-11T02:30:04Z,225.0,4.4,229.4,5e88b8b2-220a-4dbf-9e86-e7179d0aaf84,dhl,2021-02-16T02:30:04Z,2021-02-15T02:30:04Z,delivered
08f64f64-8cd5-491a-a5a9-80ffd3321fc9,1fada2e4-1018-48f1-84dc-802dc99171fe,,72f36ef2-3c89-413d-a2c0-f91e8221a052,2021-02-11T17:09:56Z,203.75,7.01,210.76,073b4e8f-bf2e-47c5-a1d8-d01df6a84772,ups,2021-02-15T17:09:56Z,2021-02-17T17:09:56Z,delivered
3895ef3d-4e4f-4793-ba7f-66743b7a7d39,7c11eccd-15a9-4b87-875e-b84f39dfe3d6,,d3dfe1e5-6826-49fe-9bfb-ef1022a20520,2021-02-10T09:24:56Z,106.0,3.97,109.97,e2a68f30-dcff-4b1a-8218-e114187709fc,ups,2021-02-14T09:24:56Z,2021-02-15T09:24:56Z,delivered
53aa67bb-9718-44bf-8b08-dc5e853a7166,6875a4d9-cdc6-43bc-a700-f6916e049e46,,dc7345f9-9c6b-45d5-a633-a07a4a355104,2021-02-11T16:48:30Z,468.0,5.86,473.86,7fd7718e-ded5-44d6-aa21-5afc97734d0e,usps,2021-02-16T16:48:30Z,2021-02-14T16:48:30Z,delivered
4c128667-aa7c-41be-b9dd-bb5a1164e6f0,2c696f6a-3988-4cdb-a9a0-5c464e2ce19a,,47becc4c-db6c-4809-8562-c88a044ebfc9,2021-02-11T17:30:04Z,440.35,8.7,449.05,cf0efa4f-99b3-4b5f-988c-161d90c3e59e,ups,2021-02-15T17:30:04Z,2021-02-13T17:30:04Z,delivered
551f91e6-bce3-4fb5-8dd6-782ff140480d,5eb03e58-d3d1-47f9-87bc-b0184556c02d,,76f13d82-1273-4144-8a41-45fc836c3540,2021-02-10T18:05:43Z,430.75,7.67,438.42,8205a994-da3c-463a-94df-1ec8ecd7abcb,ups,2021-02-12T18:05:43Z,2021-02-12T18:05:43Z,delivered
db90b250-70b2-44d1-b20c-4d795edd020c,7be40e37-7a40-40ce-81c8-a5048c8befb1,,2aaf2e91-8735-4def-82ca-31dce98ff634,2021-02-10T03:09:58Z,384.0,9.41,393.41,6086a515-9087-4f1b-9470-d5ba9f93a53f,ups,2021-02-15T03:09:58Z,2021-02-16T03:09:58Z,delivered
d6c0fab7-7510-49cc-bd20-c4d139cc63b7,4dae48a6-8206-46eb-b629-fec4a99306ec,,11f9f0ec-0cd6-4944-9dff-b577da0cc535,2021-02-11T23:34:48Z,161.0,2.52,163.52,6854d441-e2b6-40e3-902d-8b5429310a57,ups,2021-02-12T23:34:48Z,2021-02-14T23:34:48Z,delivered
62f9cc25-a60a-4a87-a7d8-79f9f70ef6a3,b6b40cce-8d02-4fe5-8bee-5eadbcb56a01,,d502f2e1-d34c-4b82-9834-15e50ab41a1b,2021-02-11T09:58:35Z,733.5,9.1,742.6,c39a975d-b2c0-4b59-8fac-af77b5dd01e9,fedex,2021-02-14T09:58:35Z,2021-02-18T09:58:35Z,delivered
99127f5a-b3a4-440e-87c1-c78861ac2ca8,e09e27fe-72e3-4359-809e-43acf4976f55,,f79a5736-1e58-436a-aca9-bc4cf21fef09,2021-02-10T15:03:34Z,51.25,1.03,52.28,33b8f750-e3ad-40eb-b3a3-38563df17a4f,fedex,2021-02-12T15:03:34Z,2021-02-17T15:03:34Z,delivered
859841a2-a2fa-4d7b-a749-8cd37b31b1ed,2f0a3789-41ac-4732-bf29-b3ea5f4ed831,,56078786-b8da-47a0-8a7c-befda74f8cd8,2021-02-10T15:21:51Z,588.25,2.12,590.37,d789a22d-6296-4ba5-a9f6-38a3a843c2fb,usps,2021-02-13T15:21:51Z,,shipped
8502b2de-ada6-4a20-8625-092835744bd8,5faf7aa9-ca1a-44b6-bc00-5954bc39cc91,,be19b416-2a93-4ad7-8fdd-f0ae8f4eec2a,2021-02-10T22:16:00Z,201.0,3.83,204.83,df722c16-8370-484f-a0ff-a8f809275d65,ups,2021-02-13T22:16:00Z,2021-02-16T22:16:00Z,delivered
56d043f8-afaf-4a6e-a4d3-8fbd01d8858b,d165b2ff-dfe1-40d0-bda0-a25e82b95870,,609af927-16f8-450a-ade4-1e06724e9feb,2021-02-10T16:17:24Z,223.25,4.07,227.32,94a358dc-e33c-4fbd-8b73-9b0dbd5c20cc,ups,2021-02-13T16:17:24Z,2021-02-11T16:17:24Z,delivered
73bfa842-99f9-4181-883f-08b7795cb167,9cfa05e2-606b-4080-8bac-96e3986f1704,,0314fc1b-d832-4562-bda4-7dbe09d2868c,2021-02-10T13:59:30Z,333.75,5.6,339.35,0139102a-ff94-489c-ad4b-5ca09a8e8041,usps,2021-02-14T13:59:30Z,2021-02-11T13:59:30Z,delivered
4aca1a9f-2fdc-49ce-8055-f178ffaff195,29246f52-de26-4867-b464-7c5973526202,leverage,4747877b-fb7d-4ec1-b42d-6b8f8707c984,2021-02-10T15:44:40Z,494.0,7.48,491.48,bef01686-1cc6-44f9-8603-d5c993481034,ups,2021-02-13T15:44:40Z,2021-02-13T15:44:40Z,delivered
c98cb399-9f31-47e9-8394-80b6962cbdae,5a9d6641-6ca6-48f0-af45-f411750f611a,,72f36ef2-3c89-413d-a2c0-f91e8221a052,2021-02-11T15:59:38Z,311.9,7.17,319.07,8fe59010-dc90-44d2-99e1-5d66b726f4d0,fedex,2021-02-15T15:59:38Z,2021-02-14T15:59:38Z,delivered
80768346-2426-4f4a-a8ba-4f7768139f94,89dd1d56-f177-4b28-86c8-b7d1beeff4a8,,4a9bcc05-a07b-4507-9d42-a2325a4844fa,2021-02-11T16:33:52Z,517.55,6.58,524.13,d6dc1452-f9dd-4626-84e0-2bbfb51ab0ad,ups,,2021-02-15T16:33:52Z,delivered
a86318cc-892b-4ea0-a031-da15ad2e52ed,edbbae4b-6354-4a0b-9d43-d74c3f67b5de,,8a46a3e5-4428-4744-855c-19d435fcf7af,2021-02-11T13:11:14Z,130.0,5.68,135.68,,,,,preparing
a926376d-6261-45af-89bf-36cbee1f8cda,63b87683-1c30-49e0-86f0-54d00b32052f,,118d2c47-6c92-44b3-a52a-c58dac57adf2,2021-02-11T05:04:22Z,91.5,1.68,93.18,34135222-a789-47de-885e-e814ce5c75f0,fedex,2021-02-16T05:04:22Z,,shipped
96a0cf17-5d93-4476-b836-ec6c8c7a9b21,96aa719e-c5a3-4645-ba89-16c304fb59b0,,4983fb6f-b53f-4022-95ca-d17eb4974093,2021-02-10T07:08:52Z,71.0,2.09,73.09,1533c886-30bb-4114-acfb-42d3f0fa5795,ups,2021-02-12T07:08:52Z,2021-02-15T07:08:52Z,delivered
db46d023-4a2b-43f2-aac8-d9d73284eddc,1084cc0c-3ee1-42d2-aa29-368474bd1579,,26a10637-982b-4f9d-a243-de56b194427e,2021-02-11T10:39:35Z,190.0,2.55,192.55,9fd66ee9-b691-4790-a12a-4a233294c240,ups,2021-02-12T10:39:35Z,2021-02-17T10:39:35Z,delivered
906ac891-d7a7-4d50-b4c6-c982fae2fc2d,d165b2ff-dfe1-40d0-bda0-a25e82b95870,,abf50534-9e5b-4e95-9548-2008505f40a2,2021-02-10T19:19:18Z,780.25,7.91,788.16,f6384293-fa2d-4599-bbfd-43639ab9043f,ups,2021-02-13T19:19:18Z,2021-02-11T19:19:18Z,delivered
c36d3573-1c28-4240-8c17-c874a80cca6c,0babae9e-2656-4dcb-b454-47d88d47c920,Mandatory,48ee18eb-8ee7-4cd7-819b-a9c65184e4ac,2021-02-11T08:25:53Z,20.5,2.23,2.73,76a3d99e-a8b2-4635-b1a9-9feba8829687,usps,2021-02-16T08:25:53Z,2021-02-16T08:25:53Z,delivered
041ecc00-a968-4118-afd5-84093c4e7356,93908a68-20b7-44ba-b6c1-6f4cc57d7726,task-force,d6e4e3d2-9e7c-454a-bae6-2339d80d23fd,2021-02-11T08:18:07Z,90.5,7.5,96.0,482a1ea5-17e2-4e41-94e1-df428fedbd19,ups,2021-02-15T08:18:07Z,,shipped
34d36019-85bf-4260-9b15-1ed4d4ae3ada,60bc96e0-dcf5-438d-8e11-7ab3f6ac6e96,,027e0a9d-2bb0-4247-8989-365339741a93,2021-02-11T19:41:26Z,549.5,4.18,553.68,4bd6a494-e7f0-469d-a8fd-eeded124bde2,ups,2021-02-13T19:41:26Z,,shipped
d38de9c0-789c-4527-99ff-30a23f550d88,5eb03e58-d3d1-47f9-87bc-b0184556c02d,,47e8e06d-0612-4af0-89ed-48deafa4857a,2021-02-10T07:35:24Z,61.5,8.34,69.84,3dd70994-1c45-4b62-97ac-b5cc7c25060b,fedex,2021-02-13T07:35:24Z,2021-02-13T07:35:24Z,delivered
b047e850-a4f1-4227-94b6-2222d2ff87c2,6aff561d-fbd9-4130-8242-8b9073cc3a03,,058563af-f1de-48fe-a5ad-4514fe8964f4,2021-02-10T08:03:59Z,156.5,4.48,160.98,a93da04c-10f2-4928-8aff-5d3344b3733f,fedex,2021-02-11T08:03:59Z,2021-02-11T08:03:59Z,delivered
002f22d6-25a3-48e4-aaa9-36be31e57185,48ebf150-7cb7-4358-a5ef-1a2b0aa831b9,,184b47dd-af07-4299-b872-5cfb6e4e7ac1,2021-02-10T14:15:40Z,75.5,9.58,85.08,0a40d2fd-12bc-4a3a-94b0-50fd69bda883,ups,2021-02-11T14:15:40Z,2021-02-12T14:15:40Z,delivered
8438becb-0cf6-4add-b15d-b4f44b724b53,96aa719e-c5a3-4645-ba89-16c304fb59b0,,2b514c51-d01b-4d26-be99-4a1fa99bf322,2021-02-11T10:13:12Z,91.5,9.19,100.69,e4faf78c-0c47-4604-8efd-11dc9a99e9c4,usps,2021-02-16T10:13:12Z,2021-02-18T10:13:12Z,delivered
ec11cc26-50d8-47bd-8ed0-20587214ba7d,7f89df2d-6f1e-4f67-83a1-40d2b8ec56b0,,131db634-55f8-4fb6-98f3-624ec32a94b8,2021-02-11T03:28:47Z,155.75,5.42,161.17,6411ee23-ba0b-40f8-a1d2-31b35769c9f3,fedex,2021-02-13T03:28:47Z,2021-02-13T03:28:47Z,delivered
4a67cffa-e7bc-4d30-bc97-f2c9a71334d1,366bd18f-6a16-4f39-9177-080c11ce9f25,,76f13d82-1273-4144-8a41-45fc836c3540,2021-02-11T12:59:25Z,167.25,6.81,174.06,,,,,preparing
2434b44d-0df9-4d54-99ad-e259cbf9efa6,e09e27fe-72e3-4359-809e-43acf4976f55,,b5d85492-b403-4f52-a42b-4363716f4cfb,2021-02-10T16:20:17Z,537.0,1.41,538.41,af75d945-6234-44cf-9a9e-9f480da55824,ups,2021-02-12T16:20:17Z,2021-02-16T16:20:17Z,delivered
82e2a7d2-d8c2-4b37-9f18-bba82f31c5b2,bf7367be-d029-4255-81a1-3a295eeb9c56,,4da64e4e-655c-4fbe-bee2-3eb1014ace1b,2021-02-11T20:24:19Z,224.25,9.64,233.89,fe560e00-2501-4ae2-91f0-1c2398717a01,ups,2021-02-15T20:24:19Z,2021-02-14T20:24:19Z,delivered
0ecabdf2-fe92-4d66-ad87-6e693748d682,5555f2b6-d408-419f-aa60-22c0f0440f50,,23f4d3fc-7192-44eb-a1c6-c3d93eed0a42,2021-02-10T09:07:54Z,234.25,1.81,236.06,398eebcf-a343-4350-a1af-ddc42c2a647b,ups,2021-02-13T09:07:54Z,2021-02-13T09:07:54Z,delivered
867b34a7-c143-45ec-81db-705506a9578b,6d37adeb-4c53-4167-b170-c89e4bd1764a,,b75f3aaf-a993-400a-af77-389c1d1187a9,2021-02-11T00:54:07Z,274.75,1.48,276.23,a71ba84d-fd3c-48cd-9220-fa5648cd51da,ups,,2021-02-12T00:54:07Z,delivered
58d89e41-48a4-49a5-944e-28b4e349288d,b3367c91-53bd-4aac-ab6d-0a596fe382c2,,ea7dd7ad-1905-4873-9890-f1aa90439a29,2021-02-11T10:31:16Z,298.45,7.3,305.75,260ea248-39b1-4b6c-af95-f87693711dc1,usps,2021-02-16T10:31:16Z,2021-02-15T10:31:16Z,delivered
b6d916e6-da31-4145-9edd-8fc76677b55b,bbe51ac6-6687-4cbe-9178-27d96f90836b,,d7f05c8c-d055-481f-a427-77aded0fd4ce,2021-02-10T06:43:23Z,612.25,6.35,618.6,af811f7c-4029-464d-a696-bc377d5e7286,ups,2021-02-12T06:43:23Z,2021-02-11T06:43:23Z,delivered
d7454480-4fa0-416d-b904-aebdbcdd378c,6875a4d9-cdc6-43bc-a700-f6916e049e46,,47e8e06d-0612-4af0-89ed-48deafa4857a,2021-02-10T01:36:56Z,190.0,3.73,193.73,2c654818-2466-438a-9719-2f6559eb621b,fedex,2021-02-15T01:36:56Z,,shipped
9e4f5468-05ff-4dd3-af20-fcd8c4730ab5,6875a4d9-cdc6-43bc-a700-f6916e049e46,,89ab3752-1119-4f9e-9766-0d6883501434,2021-02-11T20:10:35Z,20.5,5.54,26.04,66f9f723-aec2-499d-9476-d9a68762833a,fedex,2021-02-15T20:10:35Z,2021-02-15T20:10:35Z,delivered
ea907a0e-c27d-4d44-878c-1d2a9e54b740,baaf00b6-da56-44af-8c70-97269472e6f3,,44f03e5e-c121-44dd-80e2-b2d18860d57a,2021-02-10T21:23:33Z,332.0,9.05,341.05,57787487-9be9-4057-865a-9d993d814b6e,ups,2021-02-12T21:23:33Z,2021-02-14T21:23:33Z,delivered
f4b472f8-f344-4abe-a7dd-5b3cc983301b,4fe02f4f-f3d6-4068-853d-158cc64f0c65,,177f1c47-e34a-4c5d-b704-330376ba6ae2,2021-02-10T14:20:50Z,127.5,3.02,130.52,f3d31752-1fba-4e52-af8d-47732313d42a,ups,2021-02-12T14:20:50Z,2021-02-11T14:20:50Z,delivered
eddb6163-e96d-4f8f-98c6-76393a96dbbf,525d85ad-6277-4500-9701-9afbf9785ad3,,44f03e5e-c121-44dd-80e2-b2d18860d57a,2021-02-10T18:20:16Z,150.0,1.86,151.86,fd30e0dc-11f6-484d-80cd-d0aa1c1ea643,fedex,2021-02-15T18:20:16Z,2021-02-14T18:20:16Z,delivered
3ca15482-7645-4af2-bb53-7a853432a492,1df78ad9-9493-4ce9-b1ad-776f26650417,,b8f77f86-d46a-412a-9dce-7b458a34618d,2021-02-11T20:42:32Z,120.0,9.12,129.12,8204ddc7-59f7-44af-89d8-3c81ea4a8a41,ups,2021-02-15T20:42:32Z,2021-02-15T20:42:32Z,delivered
7edd0cc1-e72c-4463-86c9-e7758c6fd2f6,78955b0f-6e77-44d6-89b5-18097afb0580,,02331e89-1736-4f12-85b9-ddd62545214b,2021-02-11T18:47:45Z,206.25,3.11,209.36,0e332726-456d-4b5f-b246-a3ded8ab1963,ups,2021-02-14T18:47:45Z,,shipped
3dd8be7e-c2c0-4141-953f-1ce79cff87b8,7091fe90-07da-424c-8da6-24e024503be2,,be19b416-2a93-4ad7-8fdd-f0ae8f4eec2a,2021-02-11T11:51:30Z,659.15,6.03,665.18,6f6b12db-babc-42e8-b8a3-d8f1e110f982,fedex,2021-02-15T11:51:30Z,2021-02-15T11:51:30Z,delivered
224b19e0-eaef-4749-8ca7-72e9d99e07e8,b9287f6c-c865-49bb-a3c9-da47bbdf3a90,task-force,44f03e5e-c121-44dd-80e2-b2d18860d57a,2021-02-11T04:31:06Z,171.0,7.91,176.91,4b7c92b8-72c0-447e-b8a7-1b726427f561,ups,2021-02-16T04:31:06Z,2021-02-13T04:31:06Z,delivered
5a87daee-97d3-4676-9f53-58bfb7042ca4,9cfa05e2-606b-4080-8bac-96e3986f1704,,25caf41f-ca5a-4cbb-bc2c-b5d9fcebe66b,2021-02-11T03:37:33Z,186.0,8.75,194.75,ede9af9d-049f-440d-aea2-99a66074a29d,fedex,2021-02-13T03:37:33Z,2021-02-14T03:37:33Z,delivered
d9cc0f2f-0be3-4cfc-bec0-fd97eb7977d6,707a74bd-593f-4bdc-85e3-b8ff6b538399,,f785f0ae-f5d7-49a8-a4b7-95b470f7cb63,2021-02-10T06:48:23Z,146.0,3.21,149.21,990eec7b-a47d-4d34-8157-fa4531453365,ups,2021-02-14T06:48:23Z,,shipped
a96878e4-9618-4f85-8fe0-6e2e938e0b24,e3302139-c0ba-4715-9c35-68dde8347b56,,de7f84bd-9386-41a6-8dd0-cbafd5b58945,2021-02-10T21:34:09Z,31.0,8.27,39.27,fb62fcd6-68a8-4e9c-8b01-2f356916717d,dhl,2021-02-12T21:34:09Z,2021-02-15T21:34:09Z,delivered
10408b83-26cc-4eb8-bd08-38435207099e,4115e7da-5892-4eef-9f39-705626158c7f,,a4fbed7c-7bdd-465d-bdcd-ab0c4c68f300,2021-02-11T11:54:29Z,287.0,1.34,288.34,32d62bcb-8ff2-4773-a5b0-32be0bde4305,ups,,2021-02-13T11:54:29Z,delivered
32bd64c8-5e08-472f-b41e-f8af1d345763,ac8cea7f-30b1-498d-8baa-d5ea2b32d138,,cdc9b750-8081-441d-9905-339732cbdc4a,2021-02-11T23:36:55Z,162.85,7.03,169.88,26f75497-7e5e-4a41-8a12-f72747f15ab1,usps,2021-02-14T23:36:55Z,2021-02-18T23:36:55Z,delivered
fc78eeaa-1ffc-480d-910d-02b487109fa8,6b116938-3785-4983-a5d7-33f6af32f0ba,,4747877b-fb7d-4ec1-b42d-6b8f8707c984,2021-02-11T23:20:51Z,106.5,4.26,110.76,a39d79e4-f145-4f1c-b95a-3bdc71e70992,ups,2021-02-13T23:20:51Z,2021-02-17T23:20:51Z,delivered
2a4ce69d-8db6-48d7-b48f-719d09b0b91f,d78268b1-7168-49f4-8f6f-db436afb5a6f,,cdc9b750-8081-441d-9905-339732cbdc4a,2021-02-11T22:40:42Z,400.25,5.53,405.78,211f93ad-3932-44ff-a4da-3d0a4035a16c,ups,2021-02-14T22:40:42Z,,shipped
4c19a2cf-ac71-4c7b-b629-b61373a75db6,5faf7aa9-ca1a-44b6-bc00-5954bc39cc91,,4a30ec6b-111e-4142-9079-956394e1e4c7,2021-02-11T23:55:36Z,231.0,5.76,236.76,69a785d8-d678-4498-9e89-6c757155a54a,ups,2021-02-13T23:55:36Z,2021-02-15T23:55:36Z,delivered
1e5fa971-3c0e-4ae8-b5bb-63d6176b82b2,4fe02f4f-f3d6-4068-853d-158cc64f0c65,,aa61ded6-4588-48dd-9759-1bd36ec5d787,2021-02-11T00:16:56Z,311.0,8.01,319.01,938dc7e4-7df2-452a-9895-5ec9addcb18d,fedex,2021-02-13T00:16:56Z,2021-02-15T00:16:56Z,delivered
c615ea16-2b87-471c-a40e-f1a1b81df308,e3302139-c0ba-4715-9c35-68dde8347b56,,3a286955-76c1-4b50-b5fc-61e4e4e3be4d,2021-02-11T09:19:11Z,181.75,6.21,187.96,8b942995-487b-4eb7-856e-a5469f35c220,ups,2021-02-16T09:19:11Z,2021-02-15T09:19:11Z,delivered
3321aeb4-f209-48bf-ba63-84f3a14eaa50,7091fe90-07da-424c-8da6-24e024503be2,,fe794a2d-aa57-4ef1-8948-e0491e1ca3c1,2021-02-10T11:37:28Z,61.0,1.86,62.86,b2e4742d-d125-49dc-a189-e4cedc843510,ups,2021-02-14T11:37:28Z,2021-02-12T11:37:28Z,delivered
180dc7bb-b42a-4aa6-b52a-9fe5864e3190,b9287f6c-c865-49bb-a3c9-da47bbdf3a90,,5a6a5b60-d54a-4ef7-9ae3-6bd9fd21a807,2021-02-10T01:48:20Z,50.0,8.59,58.59,62862913-88fd-4f4a-9441-92d7a743f55e,ups,2021-02-12T01:48:20Z,2021-02-16T01:48:20Z,delivered
fed6ed02-4791-48e0-8cc4-c127dceca8ca,60bc96e0-dcf5-438d-8e11-7ab3f6ac6e96,,c9a6e260-e379-4b26-a36d-cf97e0eb03bc,2021-02-10T10:27:52Z,70.0,1.17,71.17,a78352a6-a610-4f1b-91fc-9cde37ecd05c,usps,2021-02-13T10:27:52Z,2021-02-12T10:27:52Z,delivered
9dfcd309-494d-49bb-8e85-ad176efff081,2c696f6a-3988-4cdb-a9a0-5c464e2ce19a,,632eadda-3e81-492c-8108-d5982aeac84d,2021-02-11T14:32:04Z,217.9,5.65,223.55,06e764ff-8656-47f0-8ed4-08c7b907e086,ups,2021-02-13T14:32:04Z,2021-02-14T14:32:04Z,delivered
aab22458-eebe-4f90-b563-d1eda139e78d,2bfd97fc-be3c-4137-8996-b44907a368d2,instruction set,23f4d3fc-7192-44eb-a1c6-c3d93eed0a42,2021-02-11T21:04:02Z,135.5,6.35,128.85,c29d5912-f3cf-42b4-aee4-b727786370b1,ups,2021-02-13T21:04:02Z,2021-02-16T21:04:02Z,delivered
8742e74e-c54e-4264-a3f2-7dd301072523,bbe518c7-5ea8-444e-acef-6c18be8336bc,,c8e06217-c625-471f-8cdc-88c3e39f6b2c,2021-02-11T23:27:17Z,372.25,7.08,379.33,b341346b-72da-48d8-a589-9b2b571b4ad2,ups,2021-02-15T23:27:17Z,2021-02-18T23:27:17Z,delivered
ab62de1b-c41d-4dd0-a723-cbadfe62e864,8af678e5-c051-4ca2-88f3-4c903d77a3f6,Digitized,34ddaf50-006e-47e6-b387-49d1544dd512,2021-02-11T01:10:04Z,201.05,1.95,192.0,66cf3122-f463-4459-99c4-8bdc025d1dc8,fedex,2021-02-15T01:10:04Z,2021-02-14T01:10:04Z,delivered
d13a5859-35dd-4e23-9601-6bfef26a0ded,8af678e5-c051-4ca2-88f3-4c903d77a3f6,,68a5c312-2205-45ec-ace1-166ff3f4b572,2021-02-11T23:41:54Z,127.75,9.78,137.53,33dc1b75-4a01-4389-b12b-6c325696db95,ups,,2021-02-12T23:41:54Z,delivered
23a3e7b2-abb0-4642-9291-4af619ae2d3c,6cf2751f-d815-4fbc-b04a-245c1301574c,,f79a5736-1e58-436a-aca9-bc4cf21fef09,2021-02-11T16:01:32Z,183.5,3.0,186.5,924ee64a-4d67-447c-afbc-78dd60727f08,ups,2021-02-16T16:01:32Z,2021-02-15T16:01:32Z,delivered
e36cd6af-75e4-4182-8ce4-e3a5323bbf2b,f37282a8-5c04-44bb-a9e6-fe9ed2eed6e2,,1c7f374e-04f5-4739-b791-e358d7cdd65a,2021-02-11T17:16:06Z,374.0,8.72,382.72,2cc8a810-577a-4a97-8d79-ddf51adc493b,usps,2021-02-12T17:16:06Z,2021-02-18T17:16:06Z,delivered
bd760d86-5051-4418-86cc-d97e4deac8af,f9178203-61c0-4597-9070-6dc453ada601,,47e8e06d-0612-4af0-89ed-48deafa4857a,2021-02-11T10:16:54Z,355.0,8.48,363.48,230bed13-750c-4c57-9fa6-e4f9a5e1668f,ups,2021-02-12T10:16:54Z,2021-02-12T10:16:54Z,delivered
32726aa6-2175-4fc7-856b-512f61c70dc1,02414bff-285d-4008-9352-ad50839b729f,,7986bf80-2ce5-4fac-8e06-fc6db16dd2d9,2021-02-10T22:42:40Z,181.0,3.07,184.07,97a0d995-0583-415e-920c-063420947ace,ups,2021-02-14T22:42:40Z,2021-02-11T22:42:40Z,delivered
a5db4fd7-bc7c-47d6-a162-e613d905ec82,520baa4f-ee70-420b-96c9-37e3c4238f43,,5a6a5b60-d54a-4ef7-9ae3-6bd9fd21a807,2021-02-10T06:30:48Z,317.0,2.18,319.18,4e335a59-b273-4a2d-987c-06f7ff2ceaef,fedex,2021-02-14T06:30:48Z,2021-02-16T06:30:48Z,delivered
eb27dbeb-ffe0-439c-a9cd-f32c221330d9,4d3c9f53-0667-4a80-8259-12200fe75761,,dfc2941f-aef1-4c70-a7f6-8105dda578f5,2021-02-10T02:06:38Z,190.0,6.87,196.87,5c176ce7-b1b6-4ab7-87dc-c878a321f5a4,fedex,2021-02-14T02:06:38Z,2021-02-14T02:06:38Z,delivered
8a4b88e8-7b27-4023-8134-93c6b05b2c6e,db41a6d4-70fc-43b1-82a5-393b46a2bdfa,,902bcb47-051b-4375-9dc0-485b3172b89b,2021-02-11T05:31:48Z,176.5,8.96,185.46,9574d45d-cf4c-441f-a6dd-029e34a6e289,ups,2021-02-12T05:31:48Z,2021-02-17T05:31:48Z,delivered
290e43d7-2768-47e8-9037-94d08ddc4345,5a9d6641-6ca6-48f0-af45-f411750f611a,,118d2c47-6c92-44b3-a52a-c58dac57adf2,2021-02-10T00:07:42Z,287.5,4.13,291.63,c91f2f0f-ed46-48f2-b61b-2ee460fe7548,fedex,2021-02-12T00:07:42Z,2021-02-12T00:07:42Z,delivered
d99f88df-891d-4dc9-8750-aa77271a72d4,6cbe0665-0001-43b3-98af-7cd3909b1b28,,edd6e563-bce1-4c84-859d-31cae681f40b,2021-02-10T09:45:53Z,136.5,2.51,139.01,87577f45-3fe7-4b08-872b-32d6afcc4bc9,usps,2021-02-12T09:45:53Z,2021-02-12T09:45:53Z,delivered
671aa103-6918-4d9a-89f6-3bd3861f4a9b,5faf7aa9-ca1a-44b6-bc00-5954bc39cc91,,7193c797-ae37-4347-89b8-5564e93645f6,2021-02-11T22:31:13Z,281.5,5.73,287.23,762f4eeb-0403-4628-9ee7-700f11cce9fa,usps,2021-02-16T22:31:13Z,2021-02-16T22:31:13Z,delivered
22767af6-bb3e-4d35-b11c-05c12aa38138,9208a361-ea2f-4f75-a2b4-281b55df08a9,instruction set,02331e89-1736-4f12-85b9-ddd62545214b,2021-02-11T11:23:52Z,122.0,8.98,117.98,345138a1-cdba-4f7e-9343-ec3a90cda923,fedex,2021-02-13T11:23:52Z,2021-02-18T11:23:52Z,delivered
885ebd5d-6a82-4802-a241-2e52e223df5a,8af678e5-c051-4ca2-88f3-4c903d77a3f6,,3b7ecb69-bf20-41be-b69f-59685b249be2,2021-02-11T20:26:30Z,195.0,4.85,199.85,51fd4c43-78b4-4f08-9fd1-0ab4ae6695d5,fedex,2021-02-13T20:26:30Z,,shipped
f9cdbb13-c633-4867-bcb0-284d9a583781,e512189a-15a2-4325-b41d-6092f5c03bc9,,959fc946-4baf-457f-8290-2a7d0e7fc3f7,2021-02-10T00:45:44Z,210.95,6.38,217.33,,,,,preparing
1fa7bc74-ee64-4aa8-8df3-f8066532eb9c,5de439eb-6bc7-4fc2-ba0e-a3bf8a286d63,,c9a6e260-e379-4b26-a36d-cf97e0eb03bc,2021-02-10T20:32:32Z,162.15,8.24,170.39,c6175b1d-4272-44b3-8593-af0b6a9ec418,ups,2021-02-15T20:32:32Z,2021-02-15T20:32:32Z,delivered
937b130d-c75f-47c6-913f-ca7717e82dae,6b116938-3785-4983-a5d7-33f6af32f0ba,,4da64e4e-655c-4fbe-bee2-3eb1014ace1b,2021-02-10T00:00:05Z,145.0,3.67,148.67,bac4ac7d-6f22-44f5-a0ec-417135ffcee4,ups,2021-02-14T00:00:05Z,2021-02-11T00:00:05Z,delivered
2fafb5c6-5200-4d9a-af6b-b6517667a1ea,60bc96e0-dcf5-438d-8e11-7ab3f6ac6e96,,9b6a4ed6-6c27-4102-8d5f-5db7435e80ee,2021-02-10T22:09:43Z,364.45,5.35,369.8,cabaf4a8-06a5-431f-be95-a57b28700ad7,fedex,2021-02-11T22:09:43Z,2021-02-13T22:09:43Z,delivered
ba9fa0c5-4631-42dc-9e4f-1dbbaafcb85c,48fd8fef-ef87-4609-aac6-a8495b2feb50,Mandatory,e40b6557-536e-478e-a405-eed9959aa9f7,2021-02-11T11:29:59Z,748.3,4.37,732.67,9da1fa31-fec6-4a36-9889-4969b4d35486,ups,2021-02-14T11:29:59Z,2021-02-16T11:29:59Z,delivered
9f640f78-93eb-46d3-b4c8-41ef69b03d8b,96ca8e55-2cbd-4c9b-9540-ff0ac6309797,,1d3482c6-e56b-47df-91f8-4b32bc908b2b,2021-02-10T20:26:15Z,91.5,5.18,96.68,29b030bf-bca6-4ece-a0f7-23e1a88a1a79,fedex,2021-02-11T20:26:15Z,2021-02-16T20:26:15Z,delivered
1e68f64e-1365-489e-8cf4-b56f8cf13fd7,4dae48a6-8206-46eb-b629-fec4a99306ec,,7ae529bf-b9d0-47ee-acd0-d55e0e6a0d32,2021-02-10T00:39:31Z,182.0,6.76,188.76,cbae44b9-ceec-4a58-af34-fabe17cd4582,fedex,2021-02-12T00:39:31Z,,shipped
cc2d40a9-dc85-481f-b027-9d1198187b70,f37282a8-5c04-44bb-a9e6-fe9ed2eed6e2,,aa61ded6-4588-48dd-9759-1bd36ec5d787,2021-02-10T21:55:47Z,135.0,9.23,144.23,9f7b9afe-ef0b-4f52-9443-0378bfb71279,ups,2021-02-12T21:55:47Z,2021-02-11T21:55:47Z,delivered
273c575f-a41c-428f-80b0-a97985793b00,8af678e5-c051-4ca2-88f3-4c903d77a3f6,,de7f84bd-9386-41a6-8dd0-cbafd5b58945,2021-02-11T08:11:14Z,569.5,5.96,575.46,,,,,preparing
cec02b6d-c997-4cad-8ab8-141c7a30aaf0,7091fe90-07da-424c-8da6-24e024503be2,,76f13d82-1273-4144-8a41-45fc836c3540,2021-02-11T20:41:11Z,444.0,3.45,447.45,f39c86e7-caf3-4cb8-a4b8-f9f9d53488dd,usps,2021-02-13T20:41:11Z,2021-02-16T20:41:11Z,delivered
03b5ede7-4f3e-4d17-a326-be5e27338501,65b34b30-f96d-4230-b595-0c7c249de7e5,,e6572a36-e4ae-4daa-8c05-692490c310a1,2021-02-11T16:33:57Z,771.3,1.69,772.99,16795524-50f3-4d09-b79d-6d41726445a7,fedex,2021-02-13T16:33:57Z,2021-02-13T16:33:57Z,delivered
29feab11-0894-43f4-bb2b-502453a49f23,6cf2751f-d815-4fbc-b04a-245c1301574c,,1ceb9167-9852-45a7-8109-57b077d8a2e0,2021-02-11T23:04:24Z,167.0,3.32,170.32,6c1298a0-0a47-4c78-ac05-64c5941fd507,usps,2021-02-16T23:04:24Z,2021-02-18T23:04:24Z,delivered
2ebd594f-3b44-4b66-87f0-5b2c321086d1,4d3c9f53-0667-4a80-8259-12200fe75761,,902bcb47-051b-4375-9dc0-485b3172b89b,2021-02-10T16:16:55Z,312.25,9.58,321.83,2bd82041-5932-40db-98ac-c1611d77790a,fedex,2021-02-14T16:16:55Z,2021-02-15T16:16:55Z,delivered
adfbf8f4-16df-4e8e-845c-1c1efa5f69d9,b3367c91-53bd-4aac-ab6d-0a596fe382c2,,5b760361-9ef1-49bd-a672-9acc2431d384,2021-02-11T22:01:30Z,45.5,3.91,49.41,56e5470d-d528-4fa4-9bc8-c231c8759e57,fedex,2021-02-15T22:01:30Z,,shipped
d9ec4e76-e7c0-4457-b6e2-a025abea6b9a,6d37adeb-4c53-4167-b170-c89e4bd1764a,,06dd400a-9d9e-48f3-9312-5a41f6038c8e,2021-02-10T03:40:03Z,192.45,7.14,199.59,f55ea701-bc8e-4ae4-a3e0-e4eef060d388,usps,2021-02-12T03:40:03Z,,shipped
fe1144d9-15c7-4d10-a533-fee0c06b0bcb,29246f52-de26-4867-b464-7c5973526202,,ff8d0181-f21e-4235-bf7c-e5f917c6b55f,2021-02-11T11:35:47Z,440.0,6.86,446.86,4682fafb-40e2-4471-b2a1-bc563d20fcd0,fedex,2021-02-15T11:35:47Z,2021-02-13T11:35:47Z,delivered
0b0d8f13-ca94-4686-b3d3-68ae3aa4bad3,48ebf150-7cb7-4358-a5ef-1a2b0aa831b9,Optional,957af504-cee3-4f3a-8f5a-eb5a5bd23b16,2021-02-11T15:16:08Z,161.5,8.28,152.78,78be17d1-b510-40c2-a729-ea77b22c5738,usps,2021-02-15T15:16:08Z,2021-02-16T15:16:08Z,delivered
299145f7-2b7f-484d-9dde-cc20602ed5f5,6cf2751f-d815-4fbc-b04a-245c1301574c,,82ef2b98-79dc-461c-855b-95c5d38ad6d3,2021-02-10T10:13:30Z,15.5,3.02,18.52,03dbc7cf-6da7-4dfd-8ee9-e3cefdc731ca,usps,2021-02-11T10:13:30Z,2021-02-12T10:13:30Z,delivered
35b4cbc7-b92f-400f-b292-8494dbb23567,dbc936d7-51da-4dfa-9dd9-7ce399b466df,,63260a1e-947f-42fe-b11f-12cea08830b6,2021-02-10T03:05:25Z,219.4,9.73,229.13,14a41310-80f4-4138-82cf-cbb219baf751,fedex,2021-02-12T03:05:25Z,2021-02-12T03:05:25Z,delivered
0f3fb208-95e1-4d3b-8f09-ae6088d41938,366bd18f-6a16-4f39-9177-080c11ce9f25,,be95b20d-a774-4572-b1ff-fd2c2c657568,2021-02-10T19:06:10Z,60.0,9.29,69.29,f877d9f7-f9c2-42a8-86ab-24c948bf46f9,fedex,2021-02-14T19:06:10Z,2021-02-15T19:06:10Z,delivered
914b8929-e04a-40f8-86ee-357f2be3a2a2,6aff561d-fbd9-4130-8242-8b9073cc3a03,,b3db1ec9-17b7-4b15-8f04-b2077048f428,2021-02-11T20:54:54Z,50.0,6.23,56.23,,,,,preparing
05202733-0e17-4726-97c2-0520c024ab85,5951d1d2-614e-4557-a2de-8298a1e4b179,,3a286955-76c1-4b50-b5fc-61e4e4e3be4d,2021-02-11T05:29:28Z,441.0,9.71,450.71,,,,,preparing
fca7f7c7-e7cb-4207-b3c3-dcca5f4b633b,78fe6452-8a56-4226-ae22-f372116b12ff,,de7f84bd-9386-41a6-8dd0-cbafd5b58945,2021-02-10T17:16:44Z,121.9,3.15,125.05,79f5daf0-9d4a-4b2e-9006-57b21496dabf,ups,2021-02-11T17:16:44Z,2021-02-14T17:16:44Z,delivered
373c221e-275c-41aa-a334-0b2d73171fa4,5eb03e58-d3d1-47f9-87bc-b0184556c02d,,d3dfe1e5-6826-49fe-9bfb-ef1022a20520,2021-02-10T11:53:44Z,285.0,1.72,286.72,1df22555-5e95-4d68-b917-0667a2737f26,ups,2021-02-13T11:53:44Z,2021-02-14T11:53:44Z,delivered
6be78159-b492-4440-8bcb-950297636c0f,489039b3-4092-4ed0-9065-b87573c26f21,,b75f3aaf-a993-400a-af77-389c1d1187a9,2021-02-11T21:12:33Z,80.0,6.18,86.18,c5444713-1080-4ee9-bf4c-ef5d6622ed93,ups,2021-02-12T21:12:33Z,2021-02-14T21:12:33Z,delivered
967f96c9-adcf-4304-9295-73a9766fe51f,1fada2e4-1018-48f1-84dc-802dc99171fe,,3a286955-76c1-4b50-b5fc-61e4e4e3be4d,2021-02-11T19:34:49Z,125.95,5.48,131.43,2431562e-f456-4537-aa94-b22c21660ced,ups,2021-02-16T19:34:49Z,2021-02-18T19:34:49Z,delivered
939767ac-357a-4bec-91f8-a7b25edd46c9,6cf2751f-d815-4fbc-b04a-245c1301574c,,965dbeea-a6d5-467d-9683-914b744ad1ef,2021-02-10T07:25:48Z,243.8,8.55,252.35,,,,,preparing
b12b922c-5b91-4dff-a7c5-839e42584ef3,4115e7da-5892-4eef-9f39-705626158c7f,,ff8d0181-f21e-4235-bf7c-e5f917c6b55f,2021-02-11T06:20:43Z,60.0,8.33,68.33,f2c7c210-15ae-43be-bd34-a2062fc8b325,fedex,2021-02-14T06:20:43Z,2021-02-17T06:20:43Z,delivered
12d71a1a-3762-4e17-a508-6e11b5629852,89dd1d56-f177-4b28-86c8-b7d1beeff4a8,,2c7bd191-c7c9-45d3-9dd0-612320bd9817,2021-02-10T20:31:00Z,46.5,6.77,53.27,c02b8944-9875-4ef1-b866-79e706fb4c46,fedex,,2021-02-17T20:31:00Z,delivered
47254e22-09a8-4661-b2db-1a7e8d80b746,17c49262-1f0c-46d1-a6ba-bacc19f08a86,,cdc9b750-8081-441d-9905-339732cbdc4a,2021-02-11T02:25:27Z,278.0,7.41,285.41,4274035f-e186-4ae4-9ef4-db46f911de1c,fedex,2021-02-12T02:25:27Z,2021-02-12T02:25:27Z,delivered
cad92df1-0b1a-4827-a1fc-f20cece591dd,b8e0e25a-412e-4b8c-aaa2-eb1b46036424,,184b47dd-af07-4299-b872-5cfb6e4e7ac1,2021-02-11T18:46:58Z,497.75,2.69,500.44,d9132cfa-d10e-4993-b8f6-37a48e8b067e,ups,2021-02-15T18:46:58Z,,shipped
b249a133-9d0d-4897-9ee3-0226e76914dc,1df78ad9-9493-4ce9-b1ad-776f26650417,,47e8e06d-0612-4af0-89ed-48deafa4857a,2021-02-10T11:49:22Z,268.0,9.39,277.39,adbf8cea-bddb-4d2c-aefe-bce9dc247cd1,ups,2021-02-14T11:49:22Z,2021-02-15T11:49:22Z,delivered
f0f5f852-5c81-4f33-a415-15b660486918,1550e197-9073-408e-a1ca-08f9dbac7f7a,,d502f2e1-d34c-4b82-9834-15e50ab41a1b,2021-02-10T11:12:15Z,146.5,7.71,154.21,631e1967-164a-4a7b-995a-32d0a110dc48,dhl,2021-02-11T11:12:15Z,2021-02-15T11:12:15Z,delivered
f6eed630-9b01-4f64-81eb-f13be001f2b6,68e0c8f7-9546-42ed-b327-f67debec10cf,,56078786-b8da-47a0-8a7c-befda74f8cd8,2021-02-10T08:42:08Z,624.85,4.9,629.75,f5437725-c379-4e9b-80f0-ee48e62463c6,fedex,2021-02-13T08:42:08Z,2021-02-17T08:42:08Z,delivered
7023672d-7f59-4b86-be86-4d4621ad06ae,4d3c9f53-0667-4a80-8259-12200fe75761,,34ddaf50-006e-47e6-b387-49d1544dd512,2021-02-10T07:06:45Z,354.75,6.65,361.4,10384bef-cbb7-43db-9f4f-0e8f2a040e7f,fedex,2021-02-12T07:06:45Z,,shipped
40dceee3-31ce-450b-b55d-09099de1a8fb,f47ac0f5-2afa-4e71-8328-bd881947159b,instruction set,fb0c8410-558a-4a65-bc50-6f82c32c7d1a,2021-02-10T10:30:07Z,182.75,4.78,174.53,22accd82-50eb-4be0-ad64-afd85aca0d4f,fedex,2021-02-15T10:30:07Z,2021-02-11T10:30:07Z,delivered
71d7653c-9386-42df-afef-6d9d44bb53c4,520baa4f-ee70-420b-96c9-37e3c4238f43,,47e8e06d-0612-4af0-89ed-48deafa4857a,2021-02-10T22:10:21Z,61.0,6.6,67.6,6494ab5e-a765-4027-9377-97be68a71df1,ups,2021-02-14T22:10:21Z,2021-02-11T22:10:21Z,delivered
1be71a60-1e61-4b97-aa13-1a6886f50ef3,7be40e37-7a40-40ce-81c8-a5048c8befb1,Optional,82ef2b98-79dc-461c-855b-95c5d38ad6d3,2021-02-11T20:05:49Z,383.0,6.03,372.03,e1ae4d8f-53cb-4398-8eeb-6445665e606d,fedex,2021-02-13T20:05:49Z,2021-02-14T20:05:49Z,delivered
84aac39f-68ae-4e5f-a2c7-b5ad0b820a09,4115e7da-5892-4eef-9f39-705626158c7f,,89f9c593-3ac8-4f50-ab01-01b4a2e27eaa,2021-02-10T23:45:32Z,20.5,2.63,23.13,ff475d51-6ea0-487c-bfe8-56e47c4f3057,ups,2021-02-14T23:45:32Z,2021-02-12T23:45:32Z,delivered
dc3c0681-9e42-4041-a2eb-576324037da3,e0d9d6a2-d95a-4c56-b2df-654eca4d3bae,,65ef7b5a-11db-4544-89a8-44e15f1a986f,2021-02-11T18:50:46Z,260.75,8.3,269.05,8634198c-da40-457f-b758-2f6163be3e16,ups,2021-02-15T18:50:46Z,2021-02-14T18:50:46Z,delivered
5b8caca4-14fb-4813-b0bc-b768c8217a19,eafe1c71-6ae0-4add-b9d9-34d9c5d00c50,instruction set,aa61ded6-4588-48dd-9759-1bd36ec5d787,2021-02-10T22:44:36Z,349.0,8.1,344.1,237dca84-0088-4eea-b40e-ab509ff31c11,ups,2021-02-14T22:44:36Z,2021-02-14T22:44:36Z,delivered
5c309f46-440b-4cd5-a908-862c72e008b2,e09e27fe-72e3-4359-809e-43acf4976f55,,db3e2e70-32f5-4f13-8302-63127ca0e3a8,2021-02-10T10:15:26Z,15.25,2.22,17.47,d445e749-4c38-4ec7-a148-7995525afc59,ups,2021-02-15T10:15:26Z,2021-02-13T10:15:26Z,delivered
44f19d9b-6f8d-4c04-8c1e-ee05a171a48a,6d37adeb-4c53-4167-b170-c89e4bd1764a,leverage,9285957a-e1fd-4205-960e-f739a9c7dfd2,2021-02-10T20:05:05Z,554.5,8.79,553.29,7d4ea18c-a7cc-446c-bce9-ac92206b1ed6,usps,2021-02-12T20:05:05Z,2021-02-15T20:05:05Z,delivered
538284dd-13b3-44b9-94a6-28aeb4f04475,d1f08820-32e6-4a31-abba-5aa533bc15a9,,2466034c-a22b-4b0e-95af-2d34160779bc,2021-02-11T14:25:56Z,120.0,5.07,125.07,a959a2d9-903b-4177-ace8-a02649dcb481,ups,,2021-02-18T14:25:56Z,delivered
